age,ed,employ,address,income,debtinc,creddebt,othdebt,default
0.18103448275862066,0.5,0.5483870967741935,0.3529411764705882,0.375,0.21760391198044013,0.5522096911406706,0.18389732687278681,1
0.06034482758620688,0.0,0.3225806451612903,0.1764705882352941,0.03935185185185185,0.41320293398533015,0.06571928796326783,0.14655445587404425,0
0.1724137931034483,0.0,0.4838709677419355,0.20588235294117646,0.07348053181386516,0.12469437652811736,0.04108977424101495,0.07867718027142123,0
0.18103448275862066,0.17941176470588233,0.4838709677419355,0.4117647058823529,0.24537037037037038,0.06112469437652812,0.12881137329392175,0.028742238777389198,0
0.03448275862068964,0.25,0.06451612903225806,0.0,0.032407407407407406,0.41320293398533015,0.08641232871819393,0.11156729712921469,1
0.18103448275862066,0.25,0.16129032258064516,0.14705882352941177,0.025462962962962958,0.23960880195599024,0.018540688890798632,0.07824643352812599,0
0.16379310344827586,0.0,0.6451612903225806,0.2647058823529412,0.07348053181386516,0.7383863080684597,0.1859975569370792,0.6159230823043829,0
0.12843688288014576,0.0,0.3870967741935484,0.3235294117647059,0.05555555555555556,0.07823960880195599,0.005688476678929347,0.04423533764023262,0
0.03448275862068964,0.0,0.0967741935483871,0.11764705882352941,0.011574074074074077,0.5867970660146699,0.06553174186142864,0.11975937764376604,1
0.13793103448275862,0.0,0.0,0.38235294117647056,0.025462962962962958,0.4718826405867971,0.13460126306995354,0.07787589869518383,0
0.06034482758620688,0.0,0.0,0.029411764705882353,0.004629629629629629,0.03178484107579462,0.008312370246954519,0.0016267961305492038,0
0.043103448275862044,0.0,0.12903225806451613,0.0,0.020833333333333336,0.11735941320293398,0.01171116888132303,0.03327625120720249,0
0.27586206896551724,0.0,0.7741935483870968,0.4117647058823529,0.11574074074074073,0.234718826405868,0.19065584394918564,0.08984787914754462,0
0.146551724137931,0.0,0.1935483870967742,0.2647058823529412,0.03472222222222222,0.3887530562347189,0.08293124143353739,0.10988266051124324,0
0.24137931034482757,0.0,0.7096774193548387,0.4411764705882353,0.19907407407407404,0.21271393643031786,0.17966293673448078,0.19826266591808753,0
0.13793103448275862,0.25,0.29032258064516125,0.1764705882352941,0.08101851851851852,0.20048899755501223,0.0392133886310468,0.12416251717058419,1
0.13793103448275862,0.25,0.4193548387096774,0.1764705882352941,0.06249999999999999,0.39119804400978,0.14143915306633012,0.13932850788290627,1
0.19827586206896552,0.0,0.7419354838709677,0.5588235294117647,0.13425925925925924,0.17603911980440098,0.05694783366733799,0.15727217591689585,0
0.16379310344827586,0.0,0.1935483870967742,0.2647058823529412,0.10879629629629628,0.12958435207823962,0.026841282760834344,0.10627465168243566,0
0.12843688288014576,0.17941176470588233,0.0,0.6176470588235294,0.027777777777777776,0.03178484107579462,0.004248838931962421,0.011020002359565817,0
0.16379310344827586,0.0,0.7096774193548387,0.08823529411764705,0.08796296296296297,0.0684596577017115,0.055627322245566276,0.017177994855197953,'0'
0.23275862068965514,0.0,0.5483870967741935,0.6176470588235294,0.06712962962962962,0.1271393643031785,0.028022716144449233,0.06576489357350315,0
0.06896551724137928,0.0,0.0967741935483871,0.1764705882352941,0.027777777777777776,0.234718826405868,0.020433668486425097,0.07865772719269176,0
0.07758620689655171,0.0,0.25806451612903225,0.1764705882352941,0.030092592592592594,0.22982885085574575,0.019002595377217307,0.08145185626094191,0
0.008620689655172403,0.17941176470588233,0.03225806451612903,0.058823529411764705,0.004629629629629629,0.430317848410758,0.011203324792378098,0.09606100722631854,1
0.043103448275862044,0.75,0.0,0.058823529411764705,0.07348053181386516,0.4205378973105135,0.10357683604178648,0.1276957891235873,0
0.21551724137931033,0.25,0.29032258064516125,0.7647058823529411,0.1273148148148148,0.15403422982885087,0.033850903476824436,0.1434005745364906,:0
0.19827586206896552,0.0,0.8064516129032258,0.6176470588235294,0.11574074074074073,0.39853300733496333,0.045720372168547796,0.3590921244451612,0
0.11206896551724138,0.25,0.3870967741935484,0.23529411764705882,0.10185185185185183,0.4400977995110025,0.14951677437834113,0.2794650781294928,0
0.051724137931034475,0.5,0.06451612903225806,0.029411764705882353,0.053240740740740734,0.3374083129584352,0.009402123076375063,0.1853974741974364,0
0.21551724137931033,0.0,0.0967741935483871,0.4411764705882353,0.013888888888888888,0.041564792176039124,0.004540425917489253,0.009982801255194159,0
0.08620689655172414,0.0,0.03225806451612903,0.29411764705882354,0.018518518518518517,0.24694376528117362,0.05484940009092142,0.04170688204720199,0
0.06034482758620688,0.17941176470588233,0.06451612903225806,0.20588235294117646,0.027777777777777776,0.136919315403423,0.03457894634906525,0.02935139804274609,0
0.043103448275862044,0.0,0.25806451612903225,0.11764705882352941,0.030092592592592594,0.3422982885085575,0.04900140703372823,0.10463014398687182,0
0.043103448275862044,0.0,0.25806451612903225,0.029411764705882353,0.04861111111111111,0.06112469437652812,0.0031846826903901945,0.03306193385982875,0
0.051724137931034475,0.25,0.1935483870967742,0.20588235294117646,0.07175925925925924,0.6259168704156479,0.29378673487492274,0.20770389346145343,0
0.08620689655172414,0.25,0.3225806451612903,0.11764705882352941,0.018518518518518517,0.3838630806845966,0.06803144818194638,0.07731950359003789,0
0.10344827586206895,0.25,0.3870967741935484,0.029411764705882353,0.07348053181386516,0.3422982885085575,0.15495376214852505,0.16801827892795088,0
0.06896551724137928,0.17941176470588233,0.03225806451612903,0.23529411764705882,0.023148148148148147,0.4083129584352079,0.06453688132536212,0.10080444594371074,1
0.21551724137931033,0.0,0.7419354838709677,0.14705882352941177,0.08333333333333331,0.09290953545232275,0.026613833233071923,0.055425193167219125,0
0.025862068965517238,0.0,0.22580645161290322,0.058823529411764705,0.03935185185185185,0.15158924205378974,0.015858886692470233,0.061613495412185915,0
0.12068965517241376,0.0,0.5483870967741935,0.08823529411764705,0.10416666666666666,0.1858190709046455,0.08740134972851558,0.10621959020626046,0
0.1896551724137931,0.25,0.22580645161290322,0.6764705882352942,0.06249999999999999,0.10268948655256724,0.045228002822826754,0.03332227163345391,0
0.16379310344827586,0.0,0.6129032258064516,0.14705882352941177,0.07870370370370369,0.3105134474327629,0.09337012364319836,0.15977461996465397,0
0.051724137931034475,0.0,0.0,0.0,0.0,0.17359413202933988,0.01414644576778912,0.02601213812827146,1
0.008620689655172403,0.25,0.0,0.029411764705882353,0.004629629629629629,0.156479217603912,0.006737255502706767,0.033061785645895576,0
0.1293103448275862,0.0,0.4193548387096774,0.4411764705882353,0.04861111111111111,0.10024449877750612,0.020431235350698074,0.04067975949028636,0
0.23275862068965514,0.0,0.12903225806451613,0.058823529411764705,0.027777777777777776,0.24449877750611249,0.00535211999602523,0.09399490499783314,0
0.025862068965517238,0.25,0.0,0.058823529411764705,0.0162037037037037,0.26894865525672373,0.037176367400380377,0.05827623638580918,1
0.1293103448275862,0.0,0.5806451612903225,0.058823529411764705,0.0648148148148148,0.17114914425427877,0.009412926199003059,0.10587247317476024,0
0.12068965517241376,0.0,0.06451612903225806,0.3235294117647059,0.025462962962962958,0.29828850855745725,0.02732917513681766,0.09378666442171965,1
0.22413793103448276,0.0,0.03225806451612903,0.3529411764705882,0.013888888888888888,0.332518337408313,0.03880870949692779,0.07207702855963923,0
0.22413793103448276,0.0,0.5161290322580645,0.5294117647058824,0.08796296296296297,0.3056234718826406,0.14697696998104198,0.1345189657513172,1
0.15517241379310343,0.17941176470588233,0.0967741935483871,0.5294117647058824,0.025462962962962958,0.08068459657701713,0.014600225580879525,0.02103492898477606,0
0.1724137931034483,0.25,0.0967741935483871,0.058823529411764705,0.032407407407407406,0.22249388753056237,0.026354947591716322,0.07637226834310461,0
0.146551724137931,0.0,0.03225806451612903,0.08823529411764705,0.023148148148148147,0.3594132029339854,0.08707861860568282,0.06585471121700834,1
0.1293103448275862,0.0,0.29032258064516125,0.029411764705882353,0.04629629629629629,0.11246943765281174,0.018788868734955316,0.04656199996324295,0
0.12843688288014576,0.25,0.5161290322580645,0.38235294117647056,0.1273148148148148,0.04889975550122249,0.05108611772464437,0.020339398049860357,0
0.1724137931034483,0.5,0.5806451612903225,0.1764705882352941,0.19907407407407404,0.05134474327628362,0.07169497198341536,0.03592023956114448,0
0.2586206896551724,0.5,0.3225806451612903,0.5882352941176471,0.15277777777777776,0.2885085574572127,0.12006765674527999,0.2680958837433623,0
0.09482758620689652,0.0,0.29032258064516125,0.29411764705882354,0.032407407407407406,0.04889975550122249,0.0017526363268915903,0.021442998996295246,0
0.07758620689655171,0.0,0.4193548387096774,0.029411764705882353,0.0648148148148148,0.17114914425427877,0.07036414406616105,0.059462096065157226,1
0.146551724137931,0.0,0.12903225806451613,0.0,0.020833333333333336,0.293398533007335,0.0417605897609561,0.07175614539431133,0
0.11206896551724138,0.25,0.12903225806451613,0.2647058823529412,0.09490740740740738,0.16136919315403425,0.10453500489108945,0.06093689880723356,0
0.12843688288014576,0.25,0.16129032258064516,0.20588235294117646,0.032407407407407406,0.18092909535452326,0.049275864743736804,0.04128202680775053,0
0.10344827586206895,0.25,0.3548387096774194,0.1764705882352941,0.07348053181386516,0.5599022004889975,0.3769999767392225,0.3583263030524364,1
0.06896551724137928,0.25,0.06451612903225806,0.08823529411764705,0.020833333333333336,0.14669926650366752,0.00852804339779813,0.04592675504564693,1
0.16379310344827586,0.0,0.6129032258064516,0.23529411764705882,0.07407407407407407,0.21271393643031786,0.12185581685378616,0.0601982005642801,0
0.06896551724137928,0.25,0.25806451612903225,0.08823529411764705,0.03935185185185185,0.19070904645476774,0.07204310504323828,0.037211405240014685,1
0.07758620689655171,0.0,0.03225806451612903,0.058823529411764705,0.013888888888888888,0.44498777506112475,0.02712771149861988,0.1150605513202601,1
0.12068965517241376,0.25,0.0967741935483871,0.23529411764705882,0.0162037037037037,0.5550122249388754,0.06765299825096471,0.1261106781617441,0
0.06896551724137928,0.25,0.16129032258064516,0.2647058823529412,0.04629629629629629,0.5721271393643031,0.15024807765245615,0.1833102514834733,0
0.23275862068965514,0.0,0.8387096774193548,0.6176470588235294,0.19907407407407404,0.3031784841075795,0.22242286400124112,0.30280165833605555,0
0.19827586206896552,0.5,0.03225806451612903,0.14705882352941177,0.07348053181386516,0.24938875305623476,0.07332789803253725,0.04416256459904278,0
0.18103448275862066,0.0,0.4193548387096774,0.29411764705882354,0.06944444444444445,0.03178484107579462,0.0028888133859837953,0.023393938998702242,0
0.23275862068965514,0.0,0.4193548387096774,0.7352941176470588,0.08564814814814814,0.5721271393643031,0.18135659385134922,0.30954153873334,0
0.03448275862068964,0.0,0.06451612903225806,0.029411764705882353,0.0162037037037037,0.004889975550122248,0.0006510097951231592,0.0020506138724684323,0
0.07758620689655171,0.0,0.03225806451612903,0.2647058823529412,0.006944444444444441,0.15403422982885087,0.007079743687642989,0.034690730878475844,0
0.11206896551724138,0.0,0.45161290322580644,0.058823529411764705,0.053240740740740734,0.05378973105134474,0.009121241888047145,0.02657779660424094,0
0.9999999999999999,0.0,0.4838709677419355,0.29411764705882354,0.05787037037037037,0.0684596577017115,0.03283292815135117,0.019120190235547514,0
0.051724137931034475,0.0,0.12903225806451613,0.08823529411764705,0.030092592592592594,0.24694376528117362,0.11973091076065955,0.011756922035321159,1
0.09482758620689652,0.0,0.3548387096774194,0.3529411764705882,0.07175925925925924,0.40586797066014674,0.13270341720287301,0.18029172652039335,0
0.146551724137931,0.0,0.22580645161290322,0.08823529411764705,0.041666666666666664,0.469437652811736,0.13067223549795146,0.13077863893366598,0
0.1293103448275862,0.75,0.12903225806451613,0.47058823529411764,0.03472222222222222,0.25916870415647925,0.08915612721484696,0.048191612158522516,0
0.051724137931034475,0.0,0.12903225806451613,0.08823529411764705,0.013888888888888888,0.12224938875305626,0.014934781743345643,0.02652347619773162,0
0.1724137931034483,0.0,0.3225806451612903,0.4411764705882353,0.07175925925925924,0.449877750611247,0.09741224336379263,0.23717697514333771,0
0.07758620689655171,0.25,0.16129032258064516,0.11764705882352941,0.05092592592592592,0.293398533007335,0.1693049806191007,0.03436962539224818,1
0.146551724137931,0.5,0.16129032258064516,0.5,0.03472222222222222,0.5916870415647922,0.0678213225805604,0.21057561252372167,0
0.10344827586206895,0.0,0.3870967741935484,0.3529411764705882,0.032407407407407406,0.06112469437652812,0.005081360652321742,0.024095880186227846,0
0.025862068965517238,0.25,0.0,0.029411764705882353,0.006944444444444441,0.6674816625916871,0.09888312257349456,0.0970693807206873,1
0.10344827586206895,0.0,0.0967741935483871,0.29411764705882354,0.020833333333333336,0.14180929095354525,0.001998383035321248,0.04919420530949738,0
0.043103448275862044,0.0,0.03225806451612903,0.1764705882352941,0.002314814814814818,0.26894865525672373,0.01748811437528705,0.04792297440463946,1
0.15517241379310343,0.0,0.16129032258064516,0.14705882352941177,0.09259259259259259,0.24938875305623476,0.07240972993458661,0.1548364281390674,0
0.10344827586206895,0.25,0.0,0.1764705882352941,0.009259259259259259,0.13202933985330076,0.013859141101141852,0.02600858099387521,1
0.18103448275862066,0.5,0.06451612903225806,0.0,0.002314814814814818,0.6332518337408313,0.09484212209533474,0.07183747779014213,1
0.13793103448275862,0.0,0.5483870967741935,0.1764705882352941,0.07348053181386516,0.097799511002445,0.03481135947371081,0.05941007297461215,0
0.1896551724137931,0.17941176470588233,0.4193548387096774,0.0,0.15740740740740738,0.07090464547677261,0.0634279553864126,0.04984805107570709,0
0.18103448275862066,0.0,0.45161290322580644,0.23529411764705882,0.08796296296296297,0.16870415647921763,0.04450341500331832,0.10464615109165491,0
0.07758620689655171,0.25,0.12903225806451613,0.2647058823529412,0.011574074074074077,0.14425427872860638,0.03257467512528459,0.01742710542338496,0
0.15517241379310343,0.5,0.12903225806451613,0.1764705882352941,0.03935185185185185,0.21760391198044013,0.06424694887212967,0.05578290749494146,1
0.16379310344827586,0.0,0.7096774193548387,0.2647058823529412,0.22916666666666666,0.05378973105134474,0.04746911547827615,0.07059607493933605,0
0.13793103448275862,0.0,0.1935483870967742,0.2647058823529412,0.027777777777777776,0.19315403422982888,0.0009010388224323826,0.0771529111291471,0
0.11206896551724138,0.0,0.25806451612903225,0.20588235294117646,0.030092592592592594,0.13202933985330076,0.03722892313208414,0.027555934456241618,0
0.1896551724137931,0.25,0.6774193548387096,0.3235294117647059,0.24768518518518515,0.06601466992665037,0.06587315946664497,0.08670707768959379,0
0.18103448275862066,0.25,0.7096774193548387,0.5,0.1412037037037037,0.567237163814181,0.48005300732169476,0.28819517522147614,0
0.1724137931034483,0.0,0.25806451612903225,0.5,0.032407407407407406,0.07823960880195599,0.02542840950686471,0.015865412262983693,0
0.2844827586206896,0.0,0.29032258064516125,0.5294117647058824,0.08333333333333331,0.26405867970660146,0.09753487340443476,0.13111063814398216,1
0.06896551724137928,0.0,0.12903225806451613,0.20588235294117646,0.027777777777777776,0.32029339853300737,0.06245830213647809,0.08037737935237627,0
0.13793103448275862,0.25,0.3870967741935484,0.38235294117647056,0.10648148148148148,0.1833740831295844,0.08316088078345414,0.11018950040640262,0
0.12068965517241376,0.25,0.29032258064516125,0.38235294117647056,0.07175925925925924,0.2371638141809291,0.053839162137060095,0.12529064752295985,0
0.21551724137931033,0.5,0.06451612903225806,0.14705882352941177,0.05787037037037037,0.11002444987775062,0.021749508287600926,0.05212595101470224,0
0.15517241379310343,0.0,0.1935483870967742,0.0,0.06249999999999999,0.20782396088019564,0.012393468801895744,0.12364891883864307,0
0.008620689655172403,0.5,0.0,0.058823529411764705,0.023148148148148147,0.17848410757946212,0.03998868299910646,0.035903639600628666,0
0.1896551724137931,0.17941176470588233,0.3870967741935484,0.3235294117647059,0.08564814814814814,0.5134474327628361,0.11680501638619588,0.31333989130583,0
0.12843688288014576,0.0,0.5161290322580645,0.7352941176470588,0.11574074074074073,0.20048899755501223,0.090228458792462,0.13311686194346412,0
0.043103448275862044,0.25,0.12903225806451613,0.1764705882352941,0.043981481481481476,0.11735941320293398,0.02631952113553082,0.04142075504920407,0
0.12068965517241376,0.25,0.29032258064516125,0.2647058823529412,0.11805555555555555,0.14180929095354525,0.1019967577006556,0.06953923548881845,0
0.1724137931034483,0.25,0.4838709677419355,0.47058823529411764,0.13657407407407407,0.07334963325183375,0.04967567760640177,0.05201953341068126,0
0.09482758620689652,0.25,0.0,0.11764705882352941,0.030092592592592594,0.3031784841075795,0.05240701844813242,0.08602988822890872,1
0.043103448275862044,0.0,0.03225806451612903,0.0,0.013888888888888888,0.15403422982885087,0.022384070085209387,0.030485234631549063,1
0.21551724137931033,0.0,0.3870967741935484,0.5588235294117647,0.053240740740740734,0.22249388753056237,0.0647717275857347,0.07880112417304037,0
0.025862068965517238,0.0,0.0967741935483871,0.0,0.011574074074074077,0.19559902200489002,0.013022337061902966,0.04709927547100907,1
0.12068965517241376,0.75,0.1935483870967742,0.08823529411764705,0.030092592592592594,0.8533007334963325,0.09590214200617102,0.2780110994450278,1
0.09482758620689652,0.0,0.06451612903225806,0.11764705882352941,0.018518518518518517,0.30073349633251834,0.05259261804138998,0.06135916030285443,1
0.06896551724137928,0.0,0.16129032258064516,0.2647058823529412,0.018518518518518517,0.058679706601466985,0.006265421822521824,0.015931812105046923,0
0.18103448275862066,0.0,0.22580645161290322,0.3235294117647059,0.06712962962962962,0.097799511002445,0.03322047800995192,0.04268753953606668,0
0.16379310344827586,0.25,0.22580645161290322,0.058823529411764705,0.12499999999999997,0.30806845965770174,0.04890135649263291,0.28819517522147614,1
0.07758620689655171,0.25,0.29032258064516125,0.08823529411764705,0.05092592592592592,0.02444987775061124,0.005611394939097154,0.012279820791569118,0
0.008620689655172403,0.0,0.16129032258064516,0.029411764705882353,0.025462962962962958,0.21026894865525675,0.01727789144847198,0.06809192643134643,0
0.18103448275862066,0.25,0.6129032258064516,0.058823529411764705,0.12499999999999997,0.13202933985330076,0.07274647591920705,0.08862481777096917,0
0.051724137931034475,0.75,0.03225806451612903,0.20588235294117646,0.030092592592592594,0.06112469437652812,0.01459579727385634,0.01577670622397734,0
0.11206896551724138,0.0,0.16129032258064516,0.29411764705882354,0.009259259259259259,0.3056234718826406,0.047340645911889155,0.047868950425996495,0
0.21551724137931033,0.25,0.5806451612903225,0.5588235294117647,0.04861111111111111,0.4156479217603912,0.026102874730396398,0.2036576530857252,0
0.16379310344827586,0.0,0.5483870967741935,0.5882352941176471,0.10648148148148148,0.3251833740831296,0.11863307992062529,0.212125856157785,0
0.03448275862068964,0.0,0.22580645161290322,0.058823529411764705,0.0162037037037037,0.14425427872860638,0.024732484026220643,0.028067161365251902,0
0.07758620689655171,0.25,0.1935483870967742,0.20588235294117646,0.09953703703703703,0.044009779951100246,0.021460159786942958,0.02800213250207055,0
0.06034482758620688,0.25,0.03225806451612903,0.0,0.020833333333333336,0.293398533007335,0.01330944707769207,0.09341983493710693,0
0.1724137931034483,0.17941176470588233,0.4193548387096774,0.058823529411764705,0.032407407407407406,0.1344743276283619,0.04637907067256836,0.0237752934487663,0
0.07758620689655171,0.0,0.25806451612903225,0.29411764705882354,0.07348053181386516,0.15403422982885087,0.0222797372252345,0.040495010822581404,0
0.12843688288014576,0.25,0.12903225806451613,0.08823529411764705,0.053240740740740734,0.15158924205378974,0.05587715662201734,0.04581537227486452,1
0.03448275862068964,0.0,0.0,0.058823529411764705,0.004629629629629629,0.3814180929095355,0.04851400128489032,0.0557942458608295,1
0.06034482758620688,0.0,0.29032258064516125,0.1764705882352941,0.07175925925925924,0.42542787286063577,0.1381954911659168,0.1894491243817256,1
0.18103448275862066,0.5,0.5161290322580645,0.6470588235294118,0.2800925925925926,0.097799511002445,0.061577993630439976,0.17108764127011042,0
0.09482758620689652,0.0,0.3548387096774194,0.23529411764705882,0.025462962962962958,0.21271393643031786,0.006294716776675222,0.07738123469320607,0
0.18103448275862066,0.0,0.5161290322580645,0.5,0.12499999999999997,0.12224938875305626,0.02123095840145708,0.11777197701379756,0
0.1896551724137931,0.25,0.16129032258064516,0.08823529411764705,0.06249999999999999,0.07334963325183375,0.016728976028454842,0.03679210802305735,0
0.06896551724137928,0.75,0.03225806451612903,0.08823529411764705,0.027777777777777776,0.293398533007335,0.0177868061171368,0.1037945138316207,0
0.08620689655172414,0.75,0.06451612903225806,0.23529411764705882,0.025462962962962958,0.234718826405868,0.08556384562746532,0.025359996822293278,0
0.08620689655172414,0.0,0.3548387096774194,0.029411764705882353,0.043981481481481476,0.19559902200489002,0.03261452988849329,0.07575599480895522,0
0.09482758620689652,0.0,0.25806451612903225,0.11764705882352941,0.06944444444444445,0.1858190709046455,0.08319299817505088,0.06495979548848646,0
0.21551724137931033,0.25,0.4838709677419355,0.4117647058823529,0.08564814814814814,0.4327628361858191,0.07489736790189831,0.2828888199858782,0
0.19827586206896552,0.0,0.4193548387096774,0.6764705882352942,0.14351851851851852,0.1393643031784841,0.104109400789718,0.09038500644137755,1
0.13793103448275862,0.0,0.12903225806451613,0.29411764705882354,0.020833333333333336,0.3887530562347189,0.06401336784233513,0.08804908074754367,0
0.06896551724137928,0.0,0.25806451612903225,0.1764705882352941,0.03703703703703704,0.1662591687041565,0.029282496498474378,0.05561638914101726,0
0.06034482758620688,0.25,0.0967741935483871,0.14705882352941177,0.043981481481481476,0.31295843520782396,0.0789213850926835,0.09918906228601615,0
0.13793103448275862,0.5,0.4193548387096774,0.08823529411764705,0.05787037037037037,0.45965770171149145,0.135711356914052,0.1719987123173486,0
0.11206896551724138,0.0,0.3870967741935484,0.3235294117647059,0.041666666666666664,0.26650366748166265,0.10184210759384582,0.054316849374922566,0
0.29310344827586204,0.0,0.29032258064516125,0.058823529411764705,0.032407407407407406,0.352078239608802,0.07525435757576761,0.09412592611476148,1
0.11206896551724138,0.0,0.29032258064516125,0.11764705882352941,0.07348053181386516,0.3276283618581908,0.06506097876096359,0.09662592463262214,1
0.09482758620689652,0.0,0.29032258064516125,0.14705882352941177,0.027777777777777776,0.10024449877750612,0.014518715534024144,0.030175096976376485,0
0.008620689655172403,0.0,0.12903225806451613,0.0,0.027777777777777776,0.20782396088019564,0.06857063105905542,0.0314072735098423,0
0.06896551724137928,0.5,0.16129032258064516,0.2647058823529412,0.06944444444444445,0.20293398533007337,0.037059576885483114,0.11149985978961922,0
0.09482758620689652,0.25,0.06451612903225806,0.029411764705882353,0.027777777777777776,0.156479217603912,0.01319654957995805,0.053339823127420714,1
0.10344827586206895,0.0,0.25806451612903225,0.1764705882352941,0.027777777777777776,0.09046454767726161,0.015304423722995479,0.02572326917250976,0
0.1293103448275862,0.25,0.03225806451612903,0.23529411764705882,0.023148148148148147,0.2958435207823961,0.02819050518418497,0.08757279527327982,1
0.1724137931034483,0.25,0.4193548387096774,0.3235294117647059,0.2037037037037037,0.4523227383863081,0.3024435398153951,0.4819035975078717,1
0.017241379310344807,0.0,0.12903225806451613,0.058823529411764705,0.023148148148148147,0.371638141809291,0.079049270706496,0.07641495395585952,1
0.16379310344827586,0.0,0.12903225806451613,0.2647058823529412,0.05555555555555556,0.14914425427872863,0.05676476453523654,0.04617701427181606,0
0.18103448275862066,0.75,0.45161290322580644,0.08823529411764705,0.06944444444444445,0.03178484107579462,0.01661150423555401,0.012945004923666861,0
0.12068965517241376,0.0,0.5161290322580645,0.2647058823529412,0.15046296296296294,0.08801955990220049,0.08385286458422042,0.0511180962690996,0
0.07758620689655171,0.0,0.22580645161290322,0.2647058823529412,0.018518518518518517,0.22738386308068462,0.026223168960740575,0.056982476963108375,0
0.09482758620689652,0.0,0.12903225806451613,0.29411764705882354,0.032407407407407406,0.26650366748166265,0.013595973140906688,0.10476235081526557,0
0.10344827586206895,0.0,0.03225806451612903,0.0,0.013888888888888888,0.10757946210268948,0.014753756445254887,0.02221489716028033,1
0.12843688288014576,0.0,0.45161290322580644,0.20588235294117646,0.13657407407407407,0.2053789731051345,0.18199465936440462,0.09733208991724329,0
0.11206896551724138,0.0,0.1935483870967742,0.4117647058823529,0.0162037037037037,0.17359413202933988,0.02702260003521234,0.03566086517808498,0
0.051724137931034475,0.0,0.1935483870967742,0.0,0.018518518518518517,0.2420537897310514,0.03449660903606268,0.05557385174219551,0
0.008620689655172403,0.0,0.03225806451612903,0.029411764705882353,0.009259259259259259,0.41320293398533015,0.007159161237773129,0.10781088909981379,0
0.06896551724137928,0.25,0.22580645161290322,0.058823529411764705,0.04629629629629629,0.16136919315403425,0.016919247242308297,0.07318196343147271,0
0.146551724137931,0.0,0.4193548387096774,0.14705882352941177,0.023148148148148147,0.20782396088019564,0.028742924319649022,0.05513795456472236,0
0.11206896551724138,0.25,0.06451612903225806,0.4117647058823529,0.04861111111111111,0.550122249388753,0.10278923000694808,0.21659395044081792,1
0.16379310344827586,0.0,0.3870967741935484,0.29411764705882354,0.07407407407407407,0.11246943765281174,0.02674035629087729,0.06273955076949711,0
0.1724137931034483,0.25,0.25806451612903225,0.5588235294117647,0.09953703703703703,0.1271393643031785,0.04214697171440788,0.08406012505698827,0
0.21551724137931033,0.5,0.5161290322580645,0.6176470588235294,0.15277777777777776,0.06356968215158924,0.043811236551693875,0.05344653715930805,0
0.06034482758620688,0.0,0.3225806451612903,0.1764705882352941,0.04629629629629629,0.14914425427872863,0.0408355115575407,0.04867219583684849,0
0.06896551724137928,0.75,0.0,0.20588235294117646,0.03472222222222222,0.5819070904645477,0.06875837181175277,0.20556390658727938,0
0.12843688288014576,0.0,0.4193548387096774,0.2647058823529412,0.030092592592592594,0.1858190709046455,0.046415665033902834,0.04257059874279014,0
0.1724137931034483,0.0,0.45161290322580644,0.6176470588235294,0.06712962962962962,0.35696821515892424,0.13533850319524252,0.13382110044695397,1
0.06034482758620688,0.0,0.3548387096774194,0.23529411764705882,0.07348053181386516,0.4034229828850856,0.22509736679238845,0.17715477862470516,0
0.13793103448275862,0.0,0.03225806451612903,0.11764705882352941,0.004629629629629629,0.21760391198044013,0.02050218558849816,0.03740208246504671,0
0.3017241379310345,0.0,0.6129032258064516,0.058823529411764705,0.14814814814814814,0.371638141809291,0.21378114450227634,0.2859639626714317,0
0.06034482758620688,0.25,0.12903225806451613,0.08823529411764705,0.018518518518518517,0.31295843520782396,0.05228322050234131,0.06567062951200267,1
0.08620689655172414,0.0,0.03225806451612903,0.23529411764705882,0.006944444444444441,0.25916870415647925,0.035739552090856795,0.03995425228738563,0
0.13793103448275862,0.0,0.3225806451612903,0.0,0.032407407407407406,0.26405867970660146,0.03910847181849742,0.08429874948940301,1
0.09482758620689652,0.0,0.03225806451612903,0.1764705882352941,0.0162037037037037,0.05134474327628362,0.01292014536136786,0.007492807177822928,1
0.11206896551724138,0.25,0.4193548387096774,0.058823529411764705,0.06018518518518518,0.1662591687041565,0.008260203816967075,0.09830200189595265,0
0.08620689655172414,0.0,0.12903225806451613,0.0,0.043981481481481476,0.09290953545232275,0.02377903546022811,0.031127519710970983,0
0.03448275862068964,0.0,0.03225806451612903,0.0,0.009259259259259259,0.1344743276283619,0.011058796530192734,0.028807823442819958,1
0.11206896551724138,0.75,0.29032258064516125,0.29411764705882354,0.032407407407407406,0.09535452322738386,0.017769482190760372,0.02895966861735965,0
0.12843688288014576,0.0,0.25806451612903225,0.7941176470588235,0.0763888888888889,0.15892420537897314,0.018841862431089946,0.10369517344290889,0
0.09482758620689652,0.25,0.1935483870967742,0.1764705882352941,0.041666666666666664,0.5550122249388754,0.1620219241101074,0.14840779700145432,1
0.06896551724137928,0.0,0.0967741935483871,0.20588235294117646,0.011574074074074077,0.09046454767726161,0.012130106190802419,0.01750595523583505,0
0.12843688288014576,0.5,0.25806451612903225,0.29411764705882354,0.17129629629629628,0.1393643031784841,0.013275577828371863,0.18667218812972397,1
0.24137931034482757,0.75,0.0967741935483871,0.6764705882352942,0.07175925925925924,0.22982885085574575,0.04685800910907622,0.1256041199916289,0
0.13793103448275862,0.25,0.0,0.5,0.03703703703703704,0.22738386308068462,0.015432601313095226,0.09395229349204479,0
0.07758620689655171,0.5,0.22580645161290322,0.029411764705882353,0.1134259259259259,0.12469437652811736,0.02725253136141633,0.10551687089558567,0
0.1724137931034483,0.5,0.5483870967741935,0.3235294117647059,0.23611111111111108,0.136919315403423,0.12406967838909287,0.16129885205344477,0
0.11206896551724138,0.0,0.22580645161290322,0.1764705882352941,0.027777777777777776,0.136919315403423,0.025848855360494853,0.03599879294572821,0
0.051724137931034475,0.25,0.1935483870967742,0.1764705882352941,0.03703703703703704,0.014669926650366748,0.006423672970207616,0.00410241345640228,0
0.13793103448275862,0.0,0.45161290322580644,0.3235294117647059,0.1550925925925926,0.1662591687041565,0.08627393195804067,0.1482815187303876,0
0.051724137931034475,0.25,0.1935483870967742,0.0,0.04861111111111111,0.036674816625916866,0.0036053718575930435,0.01977288734377511,0
0.1724137931034483,0.5,0.5161290322580645,0.1764705882352941,0.23611111111111108,0.28606356968215163,0.0779792749391789,0.45858413601059084,0
0.2068965517241379,0.0,0.16129032258064516,0.08823529411764705,0.07870370370370369,0.21026894865525675,0.09529249551840731,0.08538960403758471,1
0.07758620689655171,0.5,0.03225806451612903,0.29411764705882354,0.03703703703703704,0.10024449877750612,0.013029636469084043,0.03797856055813811,0
0.1293103448275862,0.5,0.16129032258064516,0.08823529411764705,0.053240740740740734,0.12224938875305626,0.02772421905345765,0.05080025148940182,1
0.12068965517241376,0.17941176470588233,0.5161290322580645,0.08823529411764705,0.1412037037037037,0.24449877750611249,0.1918724118126988,0.1407964186770899,0
0.12068965517241376,0.5,0.3870967741935484,0.23529411764705882,0.0763888888888889,0.15403422982885087,0.06271850167112629,0.06680294690799057,0
0.22413793103448276,0.0,0.45161290322580644,0.7352941176470588,0.04861111111111111,0.23960880195599024,0.06509922765459245,0.08058969581165212,0
0.18103448275862066,0.25,0.6774193548387096,0.6470588235294118,0.30324074074074076,0.2885085574572127,0.15696518679134316,0.5338349436283127,0
0.12843688288014576,0.25,0.22580645161290322,0.23529411764705882,0.03703703703703704,0.08801955990220049,0.021212271919073517,0.026189994848083684,1
0.06034482758620688,0.75,0.0,0.1764705882352941,0.12962962962962962,0.1858190709046455,0.07818657810312156,0.14584310310176193,1
0.06896551724137928,0.0,0.3548387096774194,0.1764705882352941,0.023148148148148147,0.04889975550122249,0.004644369475747817,0.015683998408775216,0
0.24137931034482757,0.5,0.0,0.7941176470588235,0.011574074074074077,0.25427872860635703,0.04077117944891812,0.042866730181277506,0
0.24137931034482757,0.5,0.5483870967741935,0.7647058823529411,0.22916666666666666,0.2836185819070905,0.16373757677394818,0.37564732435314996,0
0.07758620689655171,0.5,0.16129032258064516,0.1764705882352941,0.12962962962962962,0.47677261613691935,0.15398556878002673,0.39678263122417007,1
0.19827586206896552,0.25,0.29032258064516125,0.14705882352941177,0.10648148148148148,0.48899755501222497,0.1959892774628273,0.30217915981671273,1
0.025862068965517238,0.0,0.16129032258064516,0.058823529411764705,0.006944444444444441,0.1833740831295844,0.014135496657017502,0.03687714576721757,0
0.07758620689655171,0.25,0.3225806451612903,0.23529411764705882,0.06944444444444445,0.4327628361858191,0.17964152514008294,0.15618621242850905,0
0.1724137931034483,0.75,0.16129032258064516,0.1764705882352941,0.1412037037037037,0.036674816625916866,0.042493693555509124,0.018322614007639543,0
0.017241379310344807,0.25,0.0,0.08823529411764705,0.013888888888888888,0.1271393643031785,0.009513755343531029,0.03213337356847573,0
0.025862068965517238,0.0,0.22580645161290322,0.08823529411764705,0.018518518518518517,0.3422982885085575,0.0407466534407897,0.08423709249320145,0
0.22413793103448276,0.5,0.29032258064516125,0.29411764705882354,0.10648148148148148,0.36430317848410765,0.07760749180008929,0.27893550974625186,0
0.3017241379310345,0.0,0.0967741935483871,0.3235294117647059,0.06018518518518518,0.1858190709046455,0.026837681719958345,0.09601357876770195,1
0.15517241379310343,0.25,0.25806451612903225,0.47058823529411764,0.05555555555555556,0.004889975550122248,0.0008621086507999617,0.005669331157948032,0
0.1293103448275862,0.25,0.16129032258064516,0.029411764705882353,0.043981481481481476,0.058679706601466985,0.004466847893103977,0.028713781702219242,0
0.08620689655172414,0.0,0.3548387096774194,0.2647058823529412,0.030092592592592594,0.012224938875305623,0.0030256529392717548,0.004577735540100466,0
0.03448275862068964,0.0,0.22580645161290322,0.0,0.009259259259259259,0.14914425427872863,0.02505176009632103,0.0221548705173437,0
0.12843688288014576,0.25,0.12903225806451613,0.08823529411764705,0.032407407407407406,0.22249388753056237,0.010433480648346974,0.08849542700730577,0
0.10344827586206895,0.25,0.06451612903225806,0.3235294117647059,0.002314814814814818,0.21271393643031786,0.005209781555994191,0.04448867230551517,1
0.146551724137931,0.25,0.3548387096774194,0.11764705882352941,0.1412037037037037,0.07579462102689487,0.03021609067693437,0.07213538779582761,0
0.16379310344827586,0.0,0.1935483870967742,0.5588235294117647,0.0648148148148148,0.47677261613691935,0.12307462320216818,0.21385729132515707,1
0.08620689655172414,0.17941176470588233,0.12903225806451613,0.11764705882352941,0.0162037037037037,0.4376528117359414,0.02336822482407699,0.12248073367082636,0
0.08620689655172414,0.0,0.3225806451612903,0.3235294117647059,0.05787037037037037,0.22249388753056237,0.09949476423255445,0.059401958261770714,0
0.10344827586206895,0.25,0.22580645161290322,0.29411764705882354,0.041666666666666664,0.09535452322738386,0.020523207881179666,0.03323608523131156,0
0.29310344827586204,0.5,0.6774193548387096,0.5882352941176471,0.24074074074074073,0.3422982885085575,0.4666162585827647,0.27219251685637064,0
0.06034482758620688,0.5,0.0967741935483871,0.11764705882352941,0.04861111111111111,0.31540342298288515,0.07735541893876936,0.11146043488339419,0
0.09482758620689652,0.0,0.3870967741935484,0.11764705882352941,0.03935185185185185,0.5696821515892421,0.09953783073492282,0.19431795208658542,0
0.16379310344827586,0.0,0.4838709677419355,0.47058823529411764,0.05787037037037037,0.034229828850855744,0.006228924786616429,0.019146201780820053,0
0.09482758620689652,0.0,0.16129032258064516,0.08823529411764705,0.025462962962962958,0.3349633251833741,0.056723887855022484,0.08529956407317975,0
0.1293103448275862,0.0,0.4838709677419355,0.3235294117647059,0.06018518518518518,0.4425427872860636,0.05848791125711657,0.2275386230688466,0
0.1293103448275862,0.25,0.3225806451612903,0.47058823529411764,0.19444444444444442,0.31540342298288515,0.23664775406486957,0.3006408474042701,0
0.22413793103448276,0.25,0.7096774193548387,0.5,0.30092592592592593,0.2616136919315404,0.16121840536761423,0.4673831525815014,0
0.11206896551724138,0.0,0.4193548387096774,0.08823529411764705,0.08796296296296297,0.511002444987775,0.13148295632219664,0.30816626164739197,1
0.12843688288014576,0.25,0.4193548387096774,0.08823529411764705,0.21064814814814814,0.036674816625916866,0.06845622501717064,0.0196743250782125,0
0.1293103448275862,0.25,0.03225806451612903,0.029411764705882353,0.0162037037037037,0.1833740831295844,0.017433952774003444,0.046074487283540966,0
0.15517241379310343,0.0,0.16129032258064516,0.38235294117647056,0.0162037037037037,0.21026894865525675,0.021320303145353485,0.0516746395881787,0
0.18103448275862066,0.0,0.6129032258064516,0.029411764705882353,0.07348053181386516,0.18092909535452326,0.10911114924105145,0.1922530355695654,0
0.15517241379310343,0.0,0.5806451612903225,0.5588235294117647,0.06944444444444445,0.10024449877750612,0.028914606376548,0.04922688648176288,0
0.12068965517241376,0.5,0.06451612903225806,0.4117647058823529,0.05787037037037037,0.31295843520782396,0.05504531617966159,0.1467154903124409,0
0.2672413793103448,0.5,0.5161290322580645,0.7352941176470588,0.15740740740740738,0.097799511002445,0.1261960443636557,0.03547648704521296,0
0.12068965517241376,0.25,0.3225806451612903,0.058823529411764705,0.043981481481481476,0.22249388753056237,0.02734888353620657,0.09321585551157226,0
0.23275862068965514,0.0,0.4838709677419355,0.029411764705882353,0.03703703703703704,0.589242053789731,0.10708979740446706,0.18867878246403888,0
0.12068965517241376,0.25,0.25806451612903225,0.1764705882352941,0.14814814814814814,0.12224938875305626,0.10437412595681846,0.07447275857550997,0
0.06034482758620688,0.25,0.25806451612903225,0.20588235294117646,0.009259259259259259,0.28117359413202936,0.018922885850799924,0.0628375942862936,0
0.27586206896551724,0.0,0.29032258064516125,0.3235294117647059,0.023148148148148147,0.45965770171149145,0.038448216107611566,0.139344218559823,1
0.16379310344827586,0.0,0.29032258064516125,0.1764705882352941,0.04861111111111111,0.11246943765281174,0.010757087700041473,0.05453035154566383,0
0.11206896551724138,0.0,0.22580645161290322,0.0,0.018518518518518517,0.14669926650366752,0.030126502619465263,0.027109514089512923,0
0.12068965517241376,0.0,0.0,0.029411764705882353,0.0162037037037037,0.1662591687041565,0.008554515914508176,0.047388737282503465,0
0.09482758620689652,0.5,0.29032258064516125,0.20588235294117646,0.10416666666666666,0.34718826405867975,0.15075504581253935,0.20226614657409425,1
0.06896551724137928,0.0,0.06451612903225806,0.2647058823529412,0.004629629629629629,0.36185819070904646,0.04179932528173036,0.05616418783803894,0
0.16379310344827586,0.0,0.6129032258064516,0.47058823529411764,0.07175925925925924,0.08068459657701713,0.04399372173122085,0.02607327637570691,0
0.2672413793103448,0.25,0.7096774193548387,0.6764705882352942,0.24537037037037038,0.17603911980440098,0.2009178371914918,0.1828195151507247,0
0.017241379310344807,0.0,0.12903225806451613,0.029411764705882353,0.004629629629629629,0.019559902200488997,0.0035418670151176565,0.0022949445413104844,0
0.06034482758620688,0.5,0.1935483870967742,0.11764705882352941,0.027777777777777776,0.24449877750611249,0.04469573005118248,0.06403731196839368,0
0.10344827586206895,0.0,0.5161290322580645,0.29411764705882354,0.05555555555555556,0.5036674816625917,0.033215417087639705,0.2682729993935086,0
0.06896551724137928,0.25,0.1935483870967742,0.20588235294117646,0.05555555555555556,0.1662591687041565,0.03710979680688893,0.0709992168375771,0
0.06034482758620688,0.25,0.03225806451612903,0.0,0.013888888888888888,0.2420537897310514,0.01777571101822156,0.06067270747134581,1
0.051724137931034475,0.25,0.06451612903225806,0.1764705882352941,0.023148148148148147,0.3227383863080685,0.07614819431644798,0.06083826243470436,1
0.10344827586206895,0.0,0.45161290322580644,0.0,0.07348053181386516,0.04889975550122249,0.012716929865446622,0.020208673360798367,0
0.08620689655172414,0.0,0.0,0.3235294117647059,0.006944444444444441,0.08068459657701713,0.021163122577387585,0.005069879905214226,1
0.16379310344827586,0.0,0.4193548387096774,0.029411764705882353,0.05555555555555556,0.20782396088019564,0.09175870651390339,0.05332418655747056,0
0.09482758620689652,0.0,0.3548387096774194,0.1764705882352941,0.07348053181386516,0.10757946210268948,0.01623933179474807,0.035312266007253006,1
0.12068965517241376,0.0,0.4838709677419355,0.058823529411764705,0.05787037037037037,0.5941320293398533,0.21225148073340944,0.19319812171446765,1
0.09482758620689652,0.0,0.25806451612903225,0.08823529411764705,0.06249999999999999,0.29828850855745725,0.005967022056959318,0.18475237305328412,0
0.07758620689655171,0.25,0.03225806451612903,0.20588235294117646,0.025462962962962958,0.24449877750611249,0.027139390550109607,0.07355175719474898,0
0.07758620689655171,0.0,0.29032258064516125,0.0,0.025462962962962958,0.33007334963325186,0.05151454426345917,0.0874134652951147,0
0.1293103448275862,0.25,0.29032258064516125,0.47058823529411764,0.03703703703703704,0.17603911980440098,0.03105187279916791,0.058715542483745393,0
0.07758620689655171,0.0,0.3548387096774194,0.20588235294117646,0.041666666666666664,0.136919315403423,0.04455869584703635,0.03509172367468583,0
0.15517241379310343,0.25,0.06451612903225806,0.47058823529411764,0.018518518518518517,0.5452322738386308,0.058242067223257823,0.1385751364605683,1
0.1293103448275862,0.0,0.5161290322580645,0.4411764705882353,0.05092592592592592,0.07334963325183375,0.008127062629984194,0.03704281189102601,0
0.07758620689655171,0.0,0.3548387096774194,0.14705882352941177,0.05092592592592592,0.1393643031784841,0.03394769361604555,0.05339807120315922,0
0.025862068965517238,0.25,0.0967741935483871,0.11764705882352941,0.04629629629629629,0.097799511002445,0.012170739557443756,0.04404236309923635,0
0.11206896551724138,0.17941176470588233,0.29032258064516125,0.23529411764705882,0.041666666666666664,0.12469437652811736,0.02358311937148795,0.0451346997867498,0
0.2672413793103448,0.25,0.6129032258064516,0.7352941176470588,0.33564814814814814,0.058679706601466985,0.05142597812299542,0.12368215581315797,0
0.03448275862068964,0.0,0.12903225806451613,0.058823529411764705,0.0162037037037037,0.05378973105134474,0.004266552160055172,0.014860077154245055,0
0.09482758620689652,0.0,0.3225806451612903,0.3529411764705882,0.08101851851851852,0.22982885085574575,0.15693005231144488,0.056316403547411575,1
0.21551724137931033,0.0,0.3225806451612903,0.4117647058823529,0.08796296296296297,0.12224938875305626,0.04479694849742677,0.06781380298574005,0
0.07758620689655171,0.0,0.0967741935483871,0.029411764705882353,0.006944444444444441,0.21026894865525675,0.02228820453756455,0.037598391819539466,0
0.12068965517241376,0.0,0.0,0.29411764705882354,0.013888888888888888,0.4083129584352079,0.09912030464416509,0.0491268420768685,0
0.043103448275862044,0.25,0.12903225806451613,0.14705882352941177,0.030092592592592594,0.11246943765281174,0.026168569395026108,0.027974120068700127,1
0.146551724137931,0.0,0.6451612903225806,0.058823529411764705,0.09722222222222221,0.036674816625916866,0.025837176309005127,0.017629158067788316,0
0.23275862068965514,0.0,0.9354838709677419,0.5294117647058824,0.2662037037037037,0.60880195599022,1.0,0.4457573316986325,1
0.19827586206896552,0.25,0.1935483870967742,0.7058823529411764,0.09259259259259259,0.22493887530562348,0.029702942352104522,0.16734598052706062,0
0.23275862068965514,0.0,0.7096774193548387,0.5588235294117647,0.1550925925925926,0.12469437652811736,0.0727066698187129,0.10758945748364757,0
0.03448275862068964,0.0,0.1935483870967742,0.058823529411764705,0.0162037037037037,0.11735941320293398,0.004691669634281208,0.03476757980282805,0
0.06034482758620688,0.5,0.16129032258064516,0.029411764705882353,0.1412037037037037,0.14425427872860638,0.10680877022799552,0.09162737268274929,0
0.043103448275862044,0.0,0.29032258064516125,0.11764705882352941,0.009259259259259259,0.019559902200488997,0.00263674052466387,0.0038734229296440324,0
0.13793103448275862,0.5,0.3548387096774194,0.3529411764705882,0.06944444444444445,0.34963325183374083,0.02114862108845451,0.22143621079815579,0
0.12843688288014576,0.0,0.5161290322580645,0.5882352941176471,0.09953703703703703,0.4645476772616137,0.07530467482260252,0.350275396309236,0
0.051724137931034475,0.0,0.3225806451612903,0.029411764705882353,0.025462962962962958,0.16381418092909536,0.0630038111664774,0.015674216289185545,0
0.18103448275862066,0.0,0.12903225806451613,0.5588235294117647,0.025462962962962958,0.2371638141809291,0.05103764966096201,0.052575780301894,0
0.16379310344827586,0.17941176470588233,0.6129032258064516,0.4411764705882353,0.10648148148148148,0.6528117359413204,0.4662717265638178,0.2453317057467285,1
0.146551724137931,0.0,0.5806451612903225,0.23529411764705882,0.09259259259259259,0.28606356968215163,0.222958251186616,0.07021686959130305,0
0.07758620689655171,0.0,0.06451612903225806,0.0,0.0,0.3422982885085575,0.027979114352220922,0.05127312804320259,1
0.1896551724137931,0.0,0.1935483870967742,0.2647058823529412,0.03935185185185185,0.273838630806846,0.049303310514737665,0.09358064705460381,0
0.09482758620689652,0.75,0.03225806451612903,0.1764705882352941,0.03472222222222222,0.2616136919315404,0.05128042794380469,0.07810603787992419,0
0.13793103448275862,0.0,0.12903225806451613,0.4411764705882353,0.006944444444444441,0.41320293398533015,0.024762557583806688,0.08799679828261553,0
0.16379310344827586,0.0,0.5161290322580645,0.11764705882352941,0.08796296296296297,0.4792176039119805,0.20186773337932287,0.2295246897734165,0
0.025862068965517238,0.75,0.0,0.058823529411764705,0.020833333333333336,0.15403422982885087,0.022227570795247054,0.038052148775960415,0
0.16379310344827586,0.0,0.12903225806451613,0.4411764705882353,0.043981481481481476,0.16136919315403425,0.018765510631975863,0.06918241044469517,0
0.06034482758620688,0.5,0.12903225806451613,0.029411764705882353,0.06018518518518518,0.06601466992665037,0.013249105311661817,0.033735566186117574,1
0.03448275862068964,0.0,0.25806451612903225,0.11764705882352941,0.023148148148148147,0.11246943765281174,0.01800053275939879,0.02863552474550186,0
0.06034482758620688,0.5,0.0967741935483871,0.11764705882352941,0.07175925925925924,0.25916870415647925,0.013642786672294674,0.17090422652780404,1
0.18103448275862066,0.0,0.5161290322580645,0.6470588235294118,0.08101851851851852,0.0293398533007335,0.02041420340060889,0.011383422923715475,0
0.15517241379310343,0.0,0.0,0.23529411764705882,0.020833333333333336,0.1882640586797066,0.04312830401583213,0.03406882521486574,1
0.1724137931034483,0.25,0.16129032258064516,0.3529411764705882,0.04861111111111111,0.39119804400978,0.07652425977441718,0.15229633775228235,1
0.29310344827586204,0.0,0.8064516129032258,0.3529411764705882,0.24537037037037038,0.6381418092909535,0.709721554867162,0.635771669914528,1
0.1724137931034483,0.0,0.3870967741935484,0.1764705882352941,0.1736111111111111,0.4156479217603912,0.13432359362078528,0.4694091629410625,0
0.1724137931034483,0.0,0.06451612903225806,0.11764705882352941,0.041666666666666664,0.08068459657701713,0.04097244843625774,0.010551053474994236,0
0.07758620689655171,0.0,0.03225806451612903,0.23529411764705882,0.03935185185185185,0.1858190709046455,0.007033903410545814,0.08441435635728096,0
0.08620689655172414,0.0,0.25806451612903225,0.1764705882352941,0.020833333333333336,0.2836185819070905,0.03650015031912522,0.07235270647534818,0
0.07758620689655171,0.0,0.03225806451612903,0.029411764705882353,0.009259259259259259,0.017114914425427875,0.0008857587300666574,0.004539718666240602,0
0.07758620689655171,0.5,0.0967741935483871,0.08823529411764705,0.07348053181386516,0.04889975550122249,0.012044216499638388,0.03317087110071374,1
0.06896551724137928,0.75,0.06451612903225806,0.11764705882352941,0.06249999999999999,0.05134474327628362,0.02177675940774362,0.019275814865383215,1
0.06896551724137928,0.75,0.0,0.14705882352941177,0.05555555555555556,0.24449877750611249,0.030393563596863668,0.12117022607367657,0
0.16379310344827586,0.25,0.5161290322580645,0.2647058823529412,0.1736111111111111,0.3398533007334964,0.2428276754979437,0.28455982092199744,0
0.10344827586206895,0.0,0.3548387096774194,0.058823529411764705,0.09027777777777776,0.07090464547677261,0.0037715063650344,0.05981236264273744,0
0.13793103448275862,0.25,0.22580645161290322,0.47058823529411764,0.06712962962962962,0.36674816625916873,0.12832863916567971,0.14553185384209052,0
0.16379310344827586,0.0,0.6451612903225806,0.3529411764705882,0.05787037037037037,0.19070904645476774,0.03709169427707986,0.08813171001528977,0
0.06896551724137928,0.5,0.1935483870967742,0.23529411764705882,0.0763888888888889,0.47432762836185827,0.2706911185777018,0.13658365994743743,1
0.06896551724137928,0.0,0.12903225806451613,0.058823529411764705,0.032407407407407406,0.3374083129584352,0.02071396572217853,0.12942989214175657,1
0.22413793103448276,0.0,0.1935483870967742,0.5588235294117647,0.03935185185185185,0.2885085574572127,0.09605309374667573,0.06487568408140859,0
0.08620689655172414,0.17941176470588233,0.12903225806451613,0.23529411764705882,0.002314814814814818,0.14914425427872863,0.016464007547781677,0.021468454739318372,0
0.16379310344827586,0.25,0.4838709677419355,0.5588235294117647,0.041666666666666664,0.11002444987775062,0.01995638458221162,0.0407819529972118,0
0.1724137931034483,0.5,0.16129032258064516,0.08823529411764705,0.4768518518518518,0.3814180929095355,0.3968300329144869,1.0000000000000002,1
0.2068965517241379,0.25,0.5806451612903225,0.11764705882352941,0.13888888888888887,0.31784841075794623,0.21946884257777302,0.19818870716543227,0
0.08620689655172414,0.0,0.0,0.23529411764705882,0.011574074074074077,0.39608801955990225,0.029820316819576274,0.09203803643809905,1
0.03448275862068964,0.25,0.0967741935483871,0.0,0.011574074074074077,0.09535452322738386,0.016884356075982744,0.015293936390137016,0
0.10344827586206895,0.0,0.3225806451612903,0.38235294117647056,0.041666666666666664,0.26650366748166265,0.05626733426720327,0.08901906683321961,0
0.07758620689655171,0.25,0.0967741935483871,0.23529411764705882,0.002314814814814818,0.05378973105134474,0.006566741350956763,0.007328289711996615,0
0.1724137931034483,0.25,0.06451612903225806,0.029411764705882353,0.05092592592592592,0.08312958435207823,0.012944671369496286,0.038710218639265666,0
0.18103448275862066,0.25,0.25806451612903225,0.6176470588235294,0.06712962962962962,0.0073349633251833714,0.0036053718575930435,0.006285419424680941,0
0.017241379310344807,0.0,0.03225806451612903,0.08823529411764705,0.07348053181386516,0.44498777506112475,0.03866807425190566,0.08559747407886524,0
0.12843688288014576,0.0,0.3225806451612903,0.23529411764705882,0.04629629629629629,0.019559902200488997,0.001197881381129592,0.012083289116176604,0
0.146551724137931,0.25,0.1935483870967742,0.38235294117647056,0.1111111111111111,0.19804400977995112,0.05713265465716292,0.14964664316191306,0
0.18103448275862066,0.5,0.5806451612903225,0.1764705882352941,0.13194444444444442,0.3740831295843521,0.31892993221186544,0.16806841229084793,1
0.18103448275862066,0.5,0.22580645161290322,0.1764705882352941,0.09722222222222221,0.3447432762836186,0.01760733802591134,0.28534502128648515,1
0.16379310344827586,0.0,0.06451612903225806,0.4411764705882353,0.018518518518518517,0.5550122249388754,0.09266441695693164,0.1156254687265637,1
0.03448275862068964,0.25,0.0,0.058823529411764705,0.002314814814814818,0.3838630806845966,0.01506106148757831,0.07589372260635982,1
0.10344827586206895,0.5,0.29032258064516125,0.29411764705882354,0.08564814814814814,0.5525672371638142,0.13014716480805918,0.3334163578382346,0
0.008620689655172403,0.5,0.0,0.029411764705882353,0.027777777777777776,0.17848410757946212,0.07386182533647591,0.015817687376500744,0
0.07758620689655171,0.0,0.4193548387096774,0.20588235294117646,0.030092592592592594,0.04645476772616137,0.0027852104667270157,0.018767033486270356,0
0.1293103448275862,0.25,0.45161290322580644,0.08823529411764705,0.15740740740740738,0.0097799511002445,0.022223677778083813,0.005262780339243909,0
0.07758620689655171,0.0,0.1935483870967742,0.20588235294117646,0.0162037037037037,0.4327628361858191,0.05344119845754768,0.09802587933844416,0
0.18103448275862066,0.17941176470588233,0.06451612903225806,0.6470588235294118,0.03703703703703704,0.15403422982885087,0.004908316039415631,0.06861771535929133,0
0.146551724137931,0.0,0.0,0.5294117647058824,0.009259259259259259,0.3056234718826406,0.07649331028796941,0.025671097868031505,1
0.10344827586206895,0.25,0.0967741935483871,0.38235294117647056,0.0763888888888889,0.036674816625916866,0.02028962685138514,0.015517109520018073,0
0.13793103448275862,1.0,0.16129032258064516,0.3529411764705882,0.013888888888888888,0.1882640586797066,0.03490595979077758,0.03132560763266185,0
0.16379310344827586,0.25,0.5806451612903225,0.2647058823529412,0.06944444444444445,0.041564792176039124,0.017326651488441584,0.018921879992956876,0
0.13793103448275862,0.0,0.5806451612903225,0.2647058823529412,0.12268518518518517,0.26405867970660146,0.25468118281929775,0.08200380494809252,0
0.22413793103448276,0.5,0.7096774193548387,0.11764705882352941,0.19675925925925924,0.04645476772616137,0.039653056256920456,0.052055141808126995,0
0.12068965517241376,0.0,0.4193548387096774,0.3235294117647059,0.08564814814814814,0.22493887530562348,0.09068160599026337,0.11024330206414582,0
0.06034482758620688,0.0,0.22580645161290322,0.11764705882352941,0.07348053181386516,0.21271393643031786,0.03063269217611582,0.06222132075214422,0
0.19827586206896552,0.0,0.25806451612903225,0.3235294117647059,0.07175925925925924,0.07090464547677261,0.03238328466899671,0.02824423996191495,0
0.11206896551724138,0.0,0.45161290322580644,0.23529411764705882,0.13425925925925924,1.0,0.7301832530771625,0.5437130317397174,1
0.16379310344827586,0.25,0.6451612903225806,0.5,0.20138888888888887,0.02444987775061124,0.01601382877556727,0.038077715679433424,0
0.07758620689655171,0.0,0.03225806451612903,0.11764705882352941,0.006944444444444441,0.05134474327628362,0.005842153531448329,0.009176887993544987,0
0.12068965517241376,0.75,0.22580645161290322,0.4411764705882353,0.06018518518518518,0.14669926650366752,0.045648740652744144,0.057975954957192856,0
0.051724137931034475,0.0,0.03225806451612903,0.0,0.0162037037037037,0.11002444987775062,0.029024535448695047,0.013905320050203025,0
0.09482758620689652,0.0,0.4838709677419355,0.058823529411764705,0.10648148148148148,0.10757946210268948,0.0385323052783376,0.07525177100828755,0
0.051724137931034475,0.0,0.3225806451612903,0.1764705882352941,0.023148148148148147,0.05623471882640588,0.014566891621419265,0.010796495748335112,0
0.06896551724137928,0.0,0.3870967741935484,0.20588235294117646,0.07175925925925924,0.17848410757946212,0.08964056453809789,0.058012452638237656,0
0.24137931034482757,0.0,0.4193548387096774,0.5882352941176471,0.08333333333333331,0.7432762836185819,0.2969449450486029,0.3423970105842534,1
0.16379310344827586,0.25,0.06451612903225806,0.3529411764705882,0.07407407407407407,0.3814180929095355,0.19426856387667432,0.12266837251022826,1
0.146551724137931,0.0,0.0967741935483871,0.08823529411764705,0.025462962962962958,0.08068459657701713,0.012844718153830046,0.022371633394614857,0
0.27586206896551724,1.0,0.29032258064516125,0.0,0.12962962962962962,0.22004889975550126,0.06411137454941976,0.19287286623811106,1
0.24137931034482757,0.0,0.0967741935483871,0.3235294117647059,0.030092592592592594,0.511002444987775,0.0677165030934401,0.15941045833083844,0
0.051724137931034475,0.0,0.22580645161290322,0.08823529411764705,0.018518518518518517,0.11491442542787286,0.009586360113625493,0.03215219673798919,0
0.22413793103448276,1.0,0.4838709677419355,0.0,0.25925925925925924,0.06601466992665037,0.022620181576160022,0.12538468926356056,0
0.09482758620689652,0.17941176470588233,0.22580645161290322,0.29411764705882354,0.020833333333333336,0.11002444987775062,0.010399416748168605,0.03171837455558053,0
0.12068965517241376,0.0,0.4193548387096774,0.23529411764705882,0.09722222222222221,0.1393643031784841,0.04148749460695467,0.09286225412049558,0
0.1724137931034483,0.0,0.7096774193548387,0.11764705882352941,0.18749999999999997,0.07823960880195599,0.030219740380524912,0.10159012800348127,0
0.03448275862068964,0.5,0.06451612903225806,0.14705882352941177,0.07348053181386516,0.14669926650366752,0.01258612448876169,0.026236830450967575,1
0.11206896551724138,0.0,0.06451612903225806,0.4117647058823529,0.06944444444444445,0.06601466992665037,0.02498557880454592,0.029393639013701497,0
0.2844827586206896,0.75,0.16129032258064516,0.8529411764705882,0.14814814814814814,0.41320293398533015,0.3369513412758021,0.2413108099535735,1
0.23275862068965514,0.5,0.29032258064516125,0.029411764705882353,0.07348053181386516,0.4816625916870416,0.12302615513848583,0.2914841906126038,1
0.1293103448275862,0.0,0.16129032258064516,0.14705882352941177,0.041666666666666664,0.30806845965770174,0.007933190375254738,0.14597945992028463,0
0.12068965517241376,0.0,0.45161290322580644,0.23529411764705882,0.032407407407407406,0.40586797066014674,0.0547914914606182,0.13253200976314822,0
0.25,0.0,0.3548387096774194,0.14705882352941177,0.07348053181386516,0.2371638141809291,0.11904067881761674,0.05318953419917938,0
0.051724137931034475,0.25,0.0,0.20588235294117646,0.032407407407407406,0.21760391198044013,0.061269082718536726,0.04771243651256173,0
0.025862068965517238,0.0,0.06451612903225806,0.058823529411764705,0.004629629629629629,0.22493887530562348,0.038597707966680064,0.025402089579315505,1
0.025862068965517238,0.25,0.0,0.11764705882352941,0.0162037037037037,0.20293398533007337,0.02156862897765379,0.04915118621539279,0
0.15517241379310343,0.25,0.12903225806451613,0.38235294117647056,0.09722222222222221,0.0293398533007335,0.020926524459291548,0.015143313980546034,0
0.06896551724137928,0.25,0.16129032258064516,0.058823529411764705,0.053240740740740734,0.19315403422982888,0.05412705075628185,0.07045460474011873,0
0.08620689655172414,0.5,0.0,0.23529411764705882,0.11805555555555555,0.7163814180929096,0.18919644914011524,0.5691343150233793,1
0.12068965517241376,0.0,0.5806451612903225,0.29411764705882354,0.04629629629629629,0.36674816625916873,0.10160482819774619,0.11452416509609303,0
0.2586206896551724,0.25,0.5161290322580645,0.4117647058823529,0.13194444444444442,0.2616136919315404,0.0803516309357441,0.22871355197062285,0
0.07758620689655171,0.0,0.3870967741935484,0.058823529411764705,0.06018518518518518,0.15403422982885087,0.07885423054661757,0.03713855809185826,0
0.1896551724137931,0.5,0.0,0.2647058823529412,0.11574074074074073,0.15158924205378974,0.012997227101200052,0.14449494916558522,0
0.09482758620689652,0.0,0.4193548387096774,0.3529411764705882,0.030092592592592594,0.11246943765281174,0.010993101865563024,0.039529248834000996,0
0.16379310344827586,0.0,0.3225806451612903,0.11764705882352941,0.03935185185185185,0.10757946210268948,0.008409695676035571,0.0466097248497259,0
0.21551724137931033,0.25,0.6774193548387096,0.7647058823529411,0.27314814814814814,0.06356968215158924,0.12391785071972643,0.05025400903867851,0
0.21551724137931033,0.0,0.7096774193548387,0.7058823529411764,0.17824074074074073,0.2762836185819071,0.06056804765286589,0.3462673951282673,0
0.13793103448275862,0.0,0.45161290322580644,0.5,0.09027777777777776,0.12958435207823962,0.09131212878256498,0.04028791890445004,0
0.043103448275862044,0.75,0.0,0.1764705882352941,0.07348053181386516,0.28606356968215163,0.07715492855486239,0.04673244598639634,1
0.07758620689655171,0.25,0.03225806451612903,0.20588235294117646,0.03472222222222222,0.508557457212714,0.1128194427398977,0.13977774431436532,1
0.08620689655172414,0.25,0.25806451612903225,0.11764705882352941,0.09722222222222221,0.14669926650366752,0.015650707599665862,0.11876026752022084,0
0.09482758620689652,0.0,0.03225806451612903,0.029411764705882353,0.07348053181386516,0.10024449877750612,0.009994542963191426,0.030285145821760298,0
0.19827586206896552,0.0,0.12903225806451613,0.058823529411764705,0.03472222222222222,0.10268948655256724,0.002027483338616482,0.045763126863419684,0
0.10344827586206895,0.25,0.3548387096774194,0.11764705882352941,0.09953703703703703,0.5721271393643031,0.26415435345890204,0.29940881908473754,1
0.23275862068965514,0.0,0.6129032258064516,0.20588235294117646,0.08333333333333331,0.7261613691931541,0.15396172404990188,0.4383006887205047,0
0.22413793103448276,0.0,0.03225806451612903,0.4411764705882353,0.0162037037037037,0.352078239608802,0.06643180742957021,0.06245631394319613,1
0.19827586206896552,0.25,0.5161290322580645,0.29411764705882354,0.1597222222222222,0.09046454767726161,0.01201638142692121,0.11482088939031311,0
0.24137931034482757,0.0,0.0967741935483871,0.20588235294117646,0.023148148148148147,0.16136919315403425,0.036628619885512206,0.032237123321699535,0
0.08620689655172414,0.5,0.25806451612903225,0.20588235294117646,0.10879629629629628,0.058679706601466985,0.026194165982874426,0.041219776955816245,0
0.025862068965517238,0.75,0.0,0.11764705882352941,0.041666666666666664,0.4400977995110025,0.03925796367756593,0.18615610721440215,1
0.13793103448275862,0.75,0.25806451612903225,0.0,0.041666666666666664,0.0293398533007335,0.0006267757632819772,0.016371711058715842,0
0.0,0.17941176470588233,0.0,0.029411764705882353,0.006944444444444441,0.04645476772616137,0.001561878485892728,0.011176219845134228,0
0.19827586206896552,0.0,0.5161290322580645,0.20588235294117646,0.1736111111111111,0.0,0.007191959907373442,0.005592408126629243,0
0.025862068965517238,0.0,0.06451612903225806,0.029411764705882353,0.025462962962962958,0.10024449877750612,0.005452851815124119,0.035410754165849025,1
0.18103448275862066,0.0,0.6774193548387096,0.058823529411764705,0.14351851851851852,0.4914425427872861,0.33757247216419745,0.3181314254445381,0
0.12068965517241376,0.0,0.3870967741935484,0.14705882352941177,0.07348053181386516,0.6039119804400979,0.3798342878849209,0.3410873922707027,1
0.2586206896551724,0.0,0.3548387096774194,0.14705882352941177,0.05092592592592592,0.10757946210268948,0.040045910351406123,0.0314136467089689,0
0.1724137931034483,0.0,0.29032258064516125,0.11764705882352941,0.11574074074074073,0.15158924205378974,0.037868935153721146,0.1255567656399789,0
0.07758620689655171,0.25,0.0,0.23529411764705882,0.018518518518518517,0.3056234718826406,0.04997719178569486,0.06498099008093074,1
0.12843688288014576,0.25,0.29032258064516125,0.47058823529411764,0.09722222222222221,0.4474327628361858,0.23129699662485145,0.20978407601359064,0
0.03448275862068964,0.25,0.03225806451612903,0.058823529411764705,0.0648148148148148,0.12958435207823962,0.04020532940424088,0.05596987937164408,0
0.06034482758620688,0.0,0.0,0.14705882352941177,0.004629629629629629,0.017114914425427875,0.005777237470251267,0.0,0
0.1724137931034483,0.5,0.5806451612903225,0.4117647058823529,0.33101851851851855,0.15158924205378974,0.1612928593208612,0.259011777671986,0
0.10344827586206895,0.25,0.25806451612903225,0.058823529411764705,0.07175925925925924,0.08068459657701713,0.04723465851961989,0.02360551438831221,0
0.16379310344827586,0.25,0.5161290322580645,0.3529411764705882,0.09027777777777776,0.08068459657701713,0.03321220534848003,0.04525052897552752,0
0.1724137931034483,0.0,0.7096774193548387,0.029411764705882353,0.19907407407407404,0.34718826405867975,0.2623068248386564,0.33912889335770374,0
0.10344827586206895,0.0,0.3225806451612903,0.3235294117647059,0.0648148148148148,0.21271393643031786,0.07438436556521208,0.0828571466683583,0
0.16379310344827586,0.0,0.7419354838709677,0.029411764705882353,0.1412037037037037,0.4523227383863081,0.15187531016397682,0.4074675589343063,0
0.03448275862068964,0.0,0.0967741935483871,0.08823529411764705,0.0162037037037037,0.6968215158924205,0.12996847532026637,0.12379264930034134,1
0.19827586206896552,0.75,0.5806451612903225,0.4117647058823529,1.0,0.14914425427872863,0.779565689165743,0.47846962889009703,1
0.31034482758620685,0.0,0.3548387096774194,0.5882352941176471,0.10416666666666666,0.35696821515892424,0.22682197339570467,0.15309076443411032,0
0.10344827586206895,0.5,0.16129032258064516,0.2647058823529412,0.020833333333333336,0.10024449877750612,0.015296102398809052,0.024580947336032413,0
0.1896551724137931,0.0,0.22580645161290322,0.3529411764705882,0.07348053181386516,0.23960880195599024,0.07872430109879437,0.0324205380640059,0
0.22413793103448276,0.5,0.0967741935483871,0.38235294117647056,0.06712962962962962,0.31295843520782396,0.14747916919510023,0.09589737904409129,1
0.09482758620689652,0.17941176470588233,0.06451612903225806,0.058823529411764705,0.018518518518518517,0.39119804400978,0.08405802658872327,0.06756183929933939,1
0.19827586206896552,0.0,0.8064516129032258,0.47058823529411764,0.5277777777777777,0.05378973105134474,0.07903914886187158,0.17083493651404388,0
0.06896551724137928,0.25,0.1935483870967742,0.2647058823529412,0.018518518518518517,0.27139364303178487,0.03107182451212952,0.06796372137914845,0
0.16379310344827586,0.5,0.3548387096774194,0.5,0.05787037037037037,0.3056234718826406,0.12404529836910806,0.08984124657403494,0
0.16379310344827586,0.0,0.0,0.23529411764705882,0.05787037037037037,0.1833740831295844,0.051306559821512956,0.07297275946479358,0
0.146551724137931,0.75,0.03225806451612903,0.4117647058823529,0.043981481481481476,0.3838630806845966,0.13051315708411848,0.09536547629140284,1
0.08620689655172414,0.0,0.0,0.3235294117647059,0.006944444444444441,0.2836185819070905,0.014222359602472342,0.06263728315560507,0
0.146551724137931,1.0,0.29032258064516125,0.47058823529411764,0.3773148148148148,0.1344743276283619,0.04262654276620476,0.3523697703454749,0
0.017241379310344807,0.0,0.12903225806451613,0.08823529411764705,0.0,0.41809290953545236,0.010399416748168605,0.08074013295382663,0
0.2586206896551724,0.0,0.03225806451612903,0.7647058823529411,0.027777777777777776,0.3398533007334964,0.08953297127624879,0.0674689091632375,0
0.08620689655172414,0.0,0.3225806451612903,0.058823529411764705,0.011574074074074077,0.097799511002445,0.015785016691797715,0.016835027813826703,0
0.16379310344827586,0.0,0.25806451612903225,0.0,0.0162037037037037,0.08801955990220049,0.012879268681153818,0.019195779341467715,0
0.008620689655172403,0.25,0.0,0.058823529411764705,0.0162037037037037,0.2958435207823961,0.023190411265145906,0.07748498444642987,1
0.09482758620689652,0.5,0.29032258064516125,0.058823529411764705,0.032407407407407406,0.05378973105134474,0.005347059073713015,0.020781075570727395,0
0.09482758620689652,0.25,0.29032258064516125,0.029411764705882353,0.03703703703703704,0.13202933985330076,0.02872774155271238,0.040476335867001126,0
0.24137931034482757,0.0,0.0,0.6764705882352942,0.03703703703703704,0.5354523227383863,0.1290011578806298,0.1475394115669711,0
0.06896551724137928,0.0,0.12903225806451613,0.029411764705882353,0.004629629629629629,0.5721271393643031,0.05224351172727625,0.09919721405234087,0
0.23275862068965514,0.5,0.5161290322580645,0.7647058823529411,0.4791666666666667,0.4205378973105135,0.7679015284666662,0.8544029320273117,1
0.06034482758620688,0.25,0.1935483870967742,0.029411764705882353,0.04629629629629629,0.097799511002445,0.011005948822201723,0.04492927527536667,0
0.07758620689655171,0.25,0.1935483870967742,0.29411764705882354,0.11805555555555555,0.4400977995110025,0.09604384783091303,0.3679061106233227,0
0.008620689655172403,0.25,0.06451612903225806,0.0,0.013888888888888888,0.10024449877750612,0.013577092007664965,0.020887641388681558,1
0.07758620689655171,0.5,0.22580645161290322,0.14705882352941177,0.013888888888888888,0.47432762836185827,0.048377745684176854,0.10777287222595393,1
0.03448275862068964,0.75,0.0,0.08823529411764705,0.03472222222222222,0.15158924205378974,0.02811809506494867,0.047387847998904414,1
0.2068965517241379,0.0,0.3870967741935484,0.08823529411764705,0.07348053181386516,0.22738386308068462,0.016843966022914107,0.0964718191956015,0
0.017241379310344807,0.0,0.03225806451612903,0.0,0.07348053181386516,0.097799511002445,0.012573277532122989,0.017650204446299427,0
0.15517241379310343,0.25,0.4193548387096774,0.0,0.10416666666666666,0.04889975550122249,0.0192758851820769,0.03566797944687746,0
0.27586206896551724,0.25,0.3870967741935484,0.47058823529411764,0.14351851851851852,0.17848410757946212,0.04784245582423106,0.1782856509348446,0
0.043103448275862044,0.0,0.0967741935483871,0.058823529411764705,0.009259259259259259,0.3887530562347189,0.016564009426162457,0.09398008360451544,1
0.043103448275862044,0.0,0.16129032258064516,0.14705882352941177,0.018518518518518517,0.2567237163814181,0.01903529672138854,0.07223769246320294,0
0.2672413793103448,0.25,0.8709677419354839,0.6176470588235294,0.35185185185185186,0.27139364303178487,0.03937660337561572,0.6752458572723539,0
0.15517241379310343,0.0,0.6774193548387096,0.47058823529411764,0.10185185185185183,0.3936430317848411,0.22250218422594217,0.1830585101179724,0
0.2068965517241379,0.0,0.29032258064516125,0.5882352941176471,0.043981481481481476,0.11735941320293398,0.025985500262924646,0.04167509015853556,0
0.03448275862068964,0.25,0.06451612903225806,0.08823529411764705,0.027777777777777776,0.22738386308068462,0.04263087374779887,0.05886583141198672,1
0.12068965517241376,0.0,0.16129032258064516,0.08823529411764705,0.043981481481481476,0.16870415647921763,0.0372956397137192,0.058741220547668276,0
0.043103448275862044,0.25,0.1935483870967742,0.058823529411764705,0.027777777777777776,0.10024449877750612,0.002846963451478943,0.03906237494449389,0
0.21551724137931033,0.5,0.16129032258064516,0.5,0.18518518518518517,0.24694376528117362,0.17522100415122155,0.2301760900097288,1
0.12068965517241376,0.25,0.12903225806451613,0.29411764705882354,0.025462962962962958,0.13202933985330076,0.02716128877165284,0.030923577338919622,0
0.06034482758620688,0.75,0.06451612903225806,0.23529411764705882,0.020833333333333336,0.12958435207823962,0.01499726466881568,0.03503525416614545,1
0.11206896551724138,0.25,0.3225806451612903,0.38235294117647056,0.09953703703703703,0.5012224938875305,0.2968266459895549,0.2132815913552149,1
0.1293103448275862,0.25,0.0,0.47058823529411764,0.018518518518518517,0.35696821515892424,0.0953012548070246,0.047588381450492705,1
0.2586206896551724,0.25,0.4838709677419355,0.9117647058823529,0.10648148148148148,0.017114914425427875,0.02220207153282782,0.005427446019003399,0
0.11206896551724138,0.0,0.4193548387096774,0.38235294117647056,0.0648148148148148,0.07823960880195599,0.010541122572910617,0.045876065880500444,0
0.18103448275862066,0.5,0.4193548387096774,0.38235294117647056,0.07348053181386516,0.6063569682151589,0.11214011124491197,0.7622006745512527,1
0.06896551724137928,0.0,0.0,0.058823529411764705,0.032407407407407406,0.80440097799511,0.11059497273282118,0.2591533960851365,1
0.15517241379310343,0.5,0.3870967741935484,0.4117647058823529,0.1134259259259259,0.3814180929095355,0.2775557730670757,0.16003606934277792,1
0.043103448275862044,0.0,0.0967741935483871,0.058823529411764705,0.004629629629629629,0.42542787286063577,0.04863079179978758,0.06637672068965722,1
0.23275862068965514,0.25,0.12903225806451613,0.2647058823529412,0.043981481481481476,0.16381418092909536,0.057579378376644945,0.04085094658310563,1
0.08620689655172414,0.17941176470588233,0.3870967741935484,0.2647058823529412,0.19444444444444442,0.1662591687041565,0.14227031223068232,0.15099739084192038,0
0.2068965517241379,0.25,0.3870967741935484,0.14705882352941177,0.16666666666666666,0.30806845965770174,0.0712453285010609,0.357886848740567,0
0.043103448275862044,0.0,0.0,0.058823529411764705,0.009259259259259259,0.4523227383863081,0.024428974675631376,0.10533245570923036,1
0.18103448275862066,0.25,0.1935483870967742,0.0,0.05092592592592592,0.46699266503667486,0.21908752154663347,0.09117217064047985,1
0.017241379310344807,0.5,0.0,0.029411764705882353,0.009259259259259259,0.17848410757946212,0.0226998911025774,0.03194921775650349,0
0.1293103448275862,0.25,0.0967741935483871,0.3235294117647059,0.06018518518518518,0.41075794621026895,0.08714830361290485,0.18644779223489422,1
0.1896551724137931,1.0,0.1935483870967742,0.6764705882352942,0.4074074074074074,0.18092909535452326,0.15304248537223133,0.4304783278622631,0
0.15517241379310343,0.0,0.0967741935483871,0.5588235294117647,0.020833333333333336,0.34963325183374083,0.039904885804667674,0.0927704355888925,0
0.025862068965517238,0.25,0.03225806451612903,0.08823529411764705,0.009259259259259259,0.4474327628361858,0.04250989823945112,0.09023108627177337,1
0.06896551724137928,0.5,0.06451612903225806,0.14705882352941177,0.03703703703703704,0.47677261613691935,0.07351252437150402,0.16311187899103072,0
0.27586206896551724,0.0,0.6129032258064516,0.7352941176470588,0.07348053181386516,0.10513447432762837,0.018768673708420995,0.13858117617834526,0
0.043103448275862044,0.0,0.29032258064516125,0.058823529411764705,0.013888888888888888,0.07579462102689487,0.004540425917489253,0.020357776577574288,0
0.06896551724137928,0.25,0.03225806451612903,0.11764705882352941,0.004629629629629629,0.34963325183374083,0.027357788812967482,0.06419619730475927,0
0.19827586206896552,0.0,0.6129032258064516,0.3235294117647059,0.15046296296296294,0.17359413202933988,0.037489949932879525,0.1888733132513335,0
0.03448275862068964,0.25,0.0967741935483871,0.029411764705882353,0.023148148148148147,0.45721271393643037,0.10516596564782191,0.08765372008079439,0
0.12068965517241376,0.5,0.4193548387096774,0.20588235294117646,0.08796296296296297,0.215158924205379,0.07229800034200157,0.12009122864014904,0
0.07758620689655171,0.25,0.1935483870967742,0.2647058823529412,0.025462962962962958,0.09290953545232275,0.027891229489760732,0.015546381771820503,0
0.09482758620689652,0.0,0.1935483870967742,0.2647058823529412,0.0162037037037037,0.19315403422982888,0.03488522947438332,0.0358989708617336,0
0.1896551724137931,0.25,0.45161290322580644,0.029411764705882353,0.07870370370370369,0.20048899755501223,0.05788682940711199,0.1067573103558261,1
0.25,0.25,0.3548387096774194,0.029411764705882353,0.08564814814814814,0.35696821515892424,0.025861994293420794,0.26164450176700654,0
0.16379310344827586,0.0,0.7096774193548387,0.2647058823529412,0.13657407407407407,0.3398533007334964,0.1807832984113473,0.24702419770315837,0
0.21551724137931033,0.5,0.0,0.5588235294117647,0.018518518518518517,0.09290953545232275,0.0009146643825037299,0.031418537768763743,0
0.18103448275862066,0.0,0.22580645161290322,0.6470588235294118,0.041666666666666664,0.06112469437652812,0.0029532428200354523,0.03001450717977936,0
0.07758620689655171,0.25,0.29032258064516125,0.0,0.07407407407407407,0.0293398533007335,0.011178409482533349,0.016637310426968772,0
0.1293103448275862,0.5,0.22580645161290322,0.14705882352941177,0.05555555555555556,0.3594132029339854,0.06672446499481693,0.1596841353584495,0
0.06034482758620688,0.25,0.16129032258064516,0.1764705882352941,0.025462962962962958,0.156479217603912,0.03376238599907522,0.03516064315361308,0
0.06896551724137928,0.0,0.12903225806451613,0.20588235294117646,0.011574074074074077,0.09046454767726161,0.013381078593495724,0.016553421340790672,0
0.24137931034482757,0.0,0.5483870967741935,0.6470588235294118,0.12037037037037035,0.0684596577017115,0.07085991980189993,0.02217932581631788,0
0.03448275862068964,0.0,0.06451612903225806,0.14705882352941177,0.009259259259259259,0.136919315403423,0.025130593693876685,0.01876003037792775,0
0.09482758620689652,0.0,0.1935483870967742,0.3529411764705882,0.043981481481481476,0.09290953545232275,0.006512725737816779,0.044274688439491075,0
0.19827586206896552,0.0,0.3225806451612903,0.2647058823529412,0.1273148148148148,0.14669926650366752,0.019416033799953616,0.14672171529763434,0
0.1896551724137931,0.0,0.0967741935483871,0.29411764705882354,0.023148148148148147,0.24938875305623476,0.03186590268800184,0.06787783140487245,0
0.2672413793103448,0.25,1.0,0.4117647058823529,0.5439814814814814,0.18092909535452326,0.20735883408807584,0.5596401009989026,0
0.017241379310344807,0.0,0.12903225806451613,0.08823529411764705,0.011574074074074077,0.5550122249388754,0.09127052216163282,0.09100876477915235,1
0.146551724137931,0.17941176470588233,0.1935483870967742,0.29411764705882354,0.03935185185185185,0.2762836185819071,0.08220918407518507,0.06967362847272657,1
0.017241379310344807,0.5,0.03225806451612903,0.08823529411764705,0.07348053181386516,0.3276283618581908,0.09562972813017316,0.05289629293238896,1
0.25,0.25,0.06451612903225806,0.38235294117647056,0.013888888888888888,0.4034229828850856,0.01785259810719559,0.10952476091610441,1
0.07758620689655171,0.0,0.29032258064516125,0.23529411764705882,0.03703703703703704,0.19070904645476774,0.006972588390224752,0.08371997408034737,0
0.1896551724137931,0.0,0.06451612903225806,0.47058823529411764,0.03703703703703704,0.22738386308068462,0.07108474154307717,0.051576818392281974,0
0.12068965517241376,0.0,0.4838709677419355,0.0,0.12268518518518517,0.31295843520782396,0.18147863993941687,0.1873944346260948,0
0.12068965517241376,0.25,0.29032258064516125,0.20588235294117646,0.030092592592592594,0.03178484107579462,0.013793008472081278,0.004382648950556426,0
0.10344827586206895,0.25,0.16129032258064516,0.14705882352941177,0.06712962962962962,0.35696821515892424,0.08731570335092427,0.17038733043584978,1
0.1896551724137931,0.25,0.5806451612903225,0.6764705882352942,0.12037037037037035,0.22493887530562348,0.07928752335688642,0.17227616880025565,0
0.03448275862068964,0.0,0.0967741935483871,0.0,0.0,0.3838630806845966,0.040233943080390716,0.05076060426227701,1
0.12068965517241376,0.0,0.5161290322580645,0.2647058823529412,0.07870370370370369,0.17603911980440098,0.07114956027884514,0.07887293382366456,0
0.051724137931034475,0.0,0.3225806451612903,0.058823529411764705,0.041666666666666664,0.10513447432762837,0.00557869359492592,0.04935820402655757,0
0.08620689655172414,0.25,0.3870967741935484,0.2647058823529412,0.12499999999999997,0.4816625916870416,0.13844133519977556,0.39891053866279025,0
0.10344827586206895,0.0,0.12903225806451613,0.08823529411764705,0.004629629629629629,0.687041564792176,0.042923628638474674,0.13415791661009838,1
0.15517241379310343,0.5,0.4193548387096774,0.5294117647058824,0.025462962962962958,0.12958435207823962,0.016142833631814204,0.038387075211456824,0
0.19827586206896552,0.25,0.3225806451612903,0.7058823529411764,0.053240740740740734,0.19804400977995112,0.03233535189517429,0.08978951991135622,0
0.09482758620689652,0.25,0.29032258064516125,0.23529411764705882,0.09027777777777776,0.32029339853300737,0.057577188554490615,0.2191539756016152,0
0.12843688288014576,0.75,0.3225806451612903,0.5294117647058824,0.2523148148148148,0.41320293398533015,0.14647097507524962,0.6748105529506133,0
0.146551724137931,0.25,0.12903225806451613,0.3235294117647059,0.013888888888888888,0.5207823960880196,0.00787868813496935,0.15269058681453282,1
0.18103448275862066,0.5,0.3870967741935484,0.3235294117647059,0.07348053181386516,0.6381418092909535,0.24230693578964552,0.6578255326364116,1
0.10344827586206895,0.0,0.0,0.11764705882352941,0.013888888888888888,0.06356968215158924,0.0122485999007086,0.010783156494349197,1
0.017241379310344807,0.25,0.0,0.029411764705882353,0.04861111111111111,0.21026894865525675,0.03744615348979305,0.08608324524485239,1
0.10344827586206895,0.25,0.3870967741935484,0.08823529411764705,0.1134259259259259,0.4352078239608802,0.2694867163928238,0.2175362575744731,0
0.12843688288014576,0.25,0.5483870967741935,0.6764705882352942,0.06249999999999999,0.22249388753056237,0.021607169847569888,0.12574844330905985,0
0.1724137931034483,0.0,0.6774193548387096,0.6176470588235294,0.07407407407407407,0.14180929095354525,0.04647931586452184,0.06816314322623791,0
0.09482758620689652,0.0,0.25806451612903225,0.029411764705882353,0.018518518518518517,0.15403422982885087,0.017434780040150633,0.039218962964895236,0
0.12068965517241376,0.5,0.22580645161290322,0.0,0.030092592592592594,0.044009779951100246,0.005529933554956313,0.015676661819082963,0
0.27586206896551724,0.75,0.4193548387096774,0.5,0.5092592592592592,0.17848410757946212,0.35892080503312623,0.39221245459466164,0
0.06896551724137928,0.0,0.06451612903225806,0.058823529411764705,0.006944444444444441,0.05134474327628362,0.009130536466524385,0.006672998859938426,1
0.15517241379310343,0.5,0.4838709677419355,0.5294117647058824,0.1134259259259259,0.31784841075794623,0.2471496544898605,0.12249473988751157,0
0.11206896551724138,0.25,0.3225806451612903,0.11764705882352941,0.027777777777777776,0.06601466992665037,0.0009212825116812414,0.027041187466318388,0
0.16379310344827586,0.25,0.29032258064516125,0.3529411764705882,0.041666666666666664,0.15158924205378974,0.06900995804592729,0.023587951037230753,0
0.23275862068965514,0.5,0.7419354838709677,0.3235294117647059,0.23379629629629625,0.08801955990220049,0.0312173260286057,0.14455364188312325,0
0.13793103448275862,0.25,0.3548387096774194,0.23529411764705882,0.08101851851851852,0.02200488997555012,0.012698048732204899,0.011811909404529775,0
0.07758620689655171,0.5,0.22580645161290322,0.058823529411764705,0.162037037037037,0.3227383863080685,0.33576416569187145,0.16551405631299465,1
0.24137931034482757,0.75,0.45161290322580644,0.29411764705882354,0.10416666666666666,0.3936430317848411,0.2396127245991093,0.1761437743330225,1
0.15517241379310343,0.5,0.3870967741935484,0.5294117647058824,0.11574074074074073,0.13202933985330076,0.0429641160169724,0.10270573427850348,0
0.22413793103448276,0.25,0.29032258064516125,0.7647058823529411,0.002314814814814818,0.09535452322738386,0.0001527522609427117,0.021660762317615347,0
0.06034482758620688,0.5,0.16129032258064516,0.11764705882352941,0.0648148148148148,0.47677261613691935,0.13120908256476255,0.20766343105769614,1
0.29310344827586204,0.0,0.5806451612903225,1.0,0.23148148148148148,0.19804400977995112,0.1597550202159515,0.23528280107733748,0
0.06034482758620688,0.75,0.0,0.0,0.07348053181386516,0.30073349633251834,0.06849418193451225,0.06336853364841641,1
0.025862068965517238,0.0,0.03225806451612903,0.0,0.006944444444444441,0.0293398533007335,0.0,0.007956123932933788,0
0.18103448275862066,0.0,0.7419354838709677,0.058823529411764705,0.17824074074074073,0.3251833740831296,0.027338031750864036,0.43900722453995883,0
0.03448275862068964,0.0,0.0967741935483871,0.14705882352941177,0.002314814814814818,0.26650366748166265,0.002977622840020256,0.05841596507131166,1
0.06896551724137928,0.0,0.29032258064516125,0.0,0.018518518518518517,0.6674816625916871,0.25654019584017496,0.02834287633444415,1
0.051724137931034475,0.0,0.0,0.0,0.0,0.24694376528117362,0.01187779001590979,0.04330203450301794,0
0.03448275862068964,0.0,0.25806451612903225,0.0,0.006944444444444441,0.1271393643031785,0.027134329627797393,0.012491470288145673,1
0.25,0.25,0.7096774193548387,0.11764705882352941,0.15046296296296294,0.16870415647921763,0.013462734628494727,0.2013140202673661,0
0.06896551724137928,0.25,0.0967741935483871,0.029411764705882353,0.05092592592592592,0.20048899755501223,0.018112651653700164,0.09880355784582313,0
0.15517241379310343,0.0,0.1935483870967742,0.5,0.009259259259259259,0.30806845965770174,0.005807603004124555,0.0801606164751051,0
0.11206896551724138,0.25,0.06451612903225806,0.2647058823529412,0.053240740740740734,0.10024449877750612,0.04002357416543202,0.02909628481026542,0
0.051724137931034475,0.0,0.25806451612903225,0.11764705882352941,0.025462962962962958,0.10513447432762837,0.009665826326470173,0.03405552301436312,0
0.13793103448275862,0.0,0.29032258064516125,0.029411764705882353,0.06018518518518518,0.22982885085574575,0.09557279275416075,0.07035478265612412,0
0.146551724137931,0.5,0.5161290322580645,0.4117647058823529,0.08333333333333331,0.8850855745721272,0.3556419113273856,0.4051582005879944,1
0.043103448275862044,0.75,0.0,0.029411764705882353,0.009259259259259259,0.8068459657701711,0.1357639126457558,0.11726775321312988,1
0.07758620689655171,0.0,0.29032258064516125,0.058823529411764705,0.043981481481481476,0.10757946210268948,0.033192642937234736,0.03129626127389283,0
0.06034482758620688,0.25,0.25806451612903225,0.11764705882352941,0.05555555555555556,0.15892420537897314,0.01716635650674509,0.08196074880050465,0
0.21551724137931033,0.0,0.5483870967741935,0.0,0.1111111111111111,0.35696821515892424,0.11800241114018006,0.25262383125903,0
0.146551724137931,0.0,0.29032258064516125,0.23529411764705882,0.09953703703703703,0.12469437652811736,0.06548828605734396,0.06417518797973146,0
0.07758620689655171,0.25,0.0967741935483871,0.1764705882352941,0.027777777777777776,0.1393643031784841,0.02559454401430606,0.03715582501507336,1
0.2672413793103448,0.0,0.3225806451612903,0.029411764705882353,0.06944444444444445,0.31295843520782396,0.2407994622186091,0.0297311221395452,1
0.017241379310344807,0.5,0.0,0.0,0.020833333333333336,0.19559902200489002,0.01757599923774724,0.05608192910512578,1
0.08620689655172414,0.75,0.22580645161290322,0.29411764705882354,0.03703703703703704,0.3740831295843521,0.012266118477943188,0.1630596335795859,0
0.09482758620689652,0.0,0.22580645161290322,0.058823529411764705,0.013888888888888888,0.2909535452322739,0.0048178033903702525,0.08536070232061521,0
0.06896551724137928,0.0,0.06451612903225806,0.0,0.009259259259259259,0.352078239608802,0.09380692016891413,0.025160204440370874,1
0.1293103448275862,0.0,0.3225806451612903,0.47058823529411764,0.07348053181386516,0.12958435207823962,0.010032207904245794,0.07260859783097802,0
0.043103448275862044,0.75,0.03225806451612903,0.029411764705882353,0.04629629629629629,0.19804400977995112,0.005900062161751554,0.10046963066866421,1
0.10344827586206895,0.25,0.16129032258064516,0.0,0.032407407407407406,0.352078239608802,0.12566892983975272,0.05573851742195499,1
0.11206896551724138,0.0,0.06451612903225806,0.29411764705882354,0.023148148148148147,0.22493887530562348,0.05010858111495428,0.04509438559692569,0
0.06896551724137928,0.25,0.0967741935483871,0.11764705882352941,0.06249999999999999,0.6039119804400979,0.28638236221857993,0.1611334823575027,1
0.22413793103448276,0.5,0.12903225806451613,0.5,0.13657407407407407,0.12224938875305626,0.10762207017611135,0.061995220397082926,0
0.18103448275862066,0.0,0.7741935483870968,0.3529411764705882,0.1597222222222222,0.332518337408313,0.32004708214957234,0.18474407307302623,0
0.1896551724137931,0.25,0.3548387096774194,0.14705882352941177,0.13657407407407407,0.156479217603912,0.13905351214869535,0.07593088725010391,0
0.18103448275862066,0.75,0.29032258064516125,0.38235294117647056,0.0763888888888889,0.11246943765281174,0.02070131341639799,0.0691905622110199,0
0.051724137931034475,0.0,0.0967741935483871,0.14705882352941177,0.03472222222222222,0.6185819070904646,0.12238044957924758,0.18085245688308474,1
0.23275862068965514,0.0,0.8709677419354839,0.23529411764705882,0.22916666666666666,0.215158924205379,0.115281386793932,0.29530633152136865,0
0.07758620689655171,0.0,0.03225806451612903,0.08823529411764705,0.009259259259259259,0.6161369193154035,0.09585308998991418,0.09563415109876919,1
0.12068965517241376,0.0,0.0967741935483871,0.4117647058823529,0.05092592592592592,0.10513447432762837,0.029813309388682437,0.037871179563551474,0
0.13793103448275862,0.0,0.22580645161290322,0.058823529411764705,0.06712962962962962,0.14180929095354525,0.05002741170710069,0.058569551759566185,0
0.15517241379310343,0.25,0.22580645161290322,0.11764705882352941,0.11574074074074073,0.06356968215158924,0.03110442853087168,0.04533627073587033,0
0.18103448275862066,0.25,0.12903225806451613,0.4117647058823529,0.027777777777777776,0.45965770171149145,0.07109350083169445,0.1287155009838441,1
0.22413793103448276,0.0,0.29032258064516125,0.6764705882352942,0.03935185185185185,0.3276283618581908,0.07812253797078622,0.09690716057082523,0
0.1724137931034483,0.5,0.0967741935483871,0.4411764705882353,0.09490740740740738,0.3936430317848411,0.08466236884060206,0.2696730652597805,1
0.2068965517241379,0.25,0.5483870967741935,0.0,0.2662037037037037,0.05134474327628362,0.026267111391970677,0.09737436794168199,0
0.1293103448275862,0.5,0.3225806451612903,0.4411764705882353,0.05787037037037037,0.24449877750611249,0.07739434911040179,0.08923575560352418,0
0.13793103448275862,0.0,0.6451612903225806,0.4411764705882353,0.07348053181386516,0.12224938875305626,0.05083034649701937,0.0792268686960909,0
0.06896551724137928,0.0,0.0,0.08823529411764705,0.03703703703703704,0.10757946210268948,0.005317082841556051,0.04718598062191753,1
0.07758620689655171,0.25,0.1935483870967742,0.20588235294117646,0.009259259259259259,0.11491442542787286,0.021320303145353485,0.015658653826201973,1
0.025862068965517238,0.25,0.0967741935483871,0.08823529411764705,0.018518518518518517,0.26894865525672373,0.06143025362909495,0.04403258097964667,1
0.18103448275862066,0.25,0.22580645161290322,0.5,0.1134259259259259,0.36674816625916873,0.22510690468443836,0.1859662451660026,0
0.043103448275862044,0.0,0.03225806451612903,0.029411764705882353,0.07348053181386516,0.15892420537897314,0.008681379611315328,0.03984438870941829,0
0.21551724137931033,0.25,0.06451612903225806,0.5588235294117647,0.03472222222222222,0.12224938875305626,0.02099708539537531,0.0399154202368933,0
0.24137931034482757,0.25,0.967741935483871,0.4117647058823529,0.3101851851851852,0.1662591687041565,0.19284994842238887,0.245876836592953,0
0.15517241379310343,0.0,0.5806451612903225,0.20588235294117646,0.07175925925925924,0.16136919315403425,0.025489724527185766,0.09518728609024096,0
0.07758620689655171,0.0,0.1935483870967742,0.11764705882352941,0.07348053181386516,0.12224938875305626,0.056364465045426165,0.047000564991513276,0
0.1896551724137931,0.75,0.4838709677419355,0.23529411764705882,0.39814814814814814,0.07823960880195599,0.1164093885169814,0.1573495435900142,0
0.09482758620689652,0.0,0.3548387096774194,0.3529411764705882,0.0763888888888889,0.2567237163814181,0.1387890302951676,0.08202377677558811,0
0.1724137931034483,0.0,0.0967741935483871,0.38235294117647056,0.020833333333333336,0.15892420537897314,0.01935559470849428,0.04194343148455226,0
0.051724137931034475,0.0,0.06451612903225806,0.1764705882352941,0.0162037037037037,0.47432762836185827,0.049206374387372936,0.11447851520467457,0
0.043103448275862044,0.0,0.1935483870967742,0.1764705882352941,0.018518518518518517,0.4841075794621027,0.10950570653054603,0.07916180277942626,0
0.2844827586206896,0.75,0.22580645161290322,0.3235294117647059,0.10879629629629628,0.1833740831295844,0.09065352760397348,0.10741156371035204,0
0.2586206896551724,0.5,0.5806451612903225,0.7941176470588235,0.2037037037037037,0.3349633251833741,0.2807774394205167,0.31698706566647955,0
0.23275862068965514,0.0,1.0,0.2647058823529412,0.2824074074074074,0.5550122249388754,0.6919717324130761,0.635058464468081,1
0.025862068965517238,0.0,0.03225806451612903,0.0,0.0162037037037037,0.19559902200489002,0.05831778640708289,0.018834730200248888,1
0.146551724137931,0.5,0.3870967741935484,0.23529411764705882,0.1597222222222222,0.09046454767726161,0.014997167343386597,0.11255121532460927,0
0.18103448275862066,0.0,0.7741935483870968,0.4411764705882353,0.19907407407407404,0.27139364303178487,0.24566417646579639,0.23693538643225948,0
0.06896551724137928,0.25,0.0,0.20588235294117646,0.03472222222222222,0.31540342298288515,0.10397533501115885,0.06162242530165983,1
0.09482758620689652,0.0,0.22580645161290322,0.3235294117647059,0.06249999999999999,0.7408312958435208,0.1452100268160755,0.3537018060164186,1
0.18103448275862066,0.25,0.1935483870967742,0.029411764705882353,0.011574074074074077,0.14425427872860638,0.0054887648984550275,0.03805125949236135,0
0.13793103448275862,0.0,0.22580645161290322,0.5,0.06018518518518518,0.2322738386308069,0.08190830251118099,0.0822415400969082,0
0.18103448275862066,0.0,0.03225806451612903,0.47058823529411764,0.011574074074074077,0.097799511002445,0.011187947374583292,0.020335396273664583,0
0.2844827586206896,0.25,0.5161290322580645,0.9117647058823529,0.06944444444444445,0.1271393643031785,0.06429940727840436,0.040217554339674326,0
0.09482758620689652,0.25,0.1935483870967742,0.14705882352941177,0.025462962962962958,0.27139364303178487,0.11289404268128832,0.018444890502510452,0
0.06896551724137928,0.25,0.16129032258064516,0.1764705882352941,0.025462962962962958,0.06112469437652812,0.015906819466292653,0.012629346299483446,0
0.24137931034482757,0.0,0.9032258064516129,0.7352941176470588,0.12962962962962962,0.2836185819070905,0.2103545107951906,0.14895559569847597,0
0.025862068965517238,0.25,0.0,0.029411764705882353,0.0648148148148148,0.08557457212713937,0.04901016632234553,0.021253136947895695,1
0.09482758620689652,0.0,0.3548387096774194,0.1764705882352941,0.04629629629629629,0.156479217603912,0.013944398177016856,0.07292748010820804,0
0.06034482758620688,0.0,0.1935483870967742,0.1764705882352941,0.06712962962962962,0.11002444987775062,0.04239189115669035,0.043670605501345494,0
0.19827586206896552,0.0,0.3548387096774194,0.5,0.053240740740740734,0.02200488997555012,0.008184971260287421,0.009467980158304337,0
0.07758620689655171,0.25,0.16129032258064516,0.20588235294117646,0.032407407407407406,0.4474327628361858,0.10287881806441718,0.11355410490345048,0
0.2844827586206896,0.0,0.1935483870967742,0.20588235294117646,0.030092592592592594,0.14669926650366752,0.028357515620488053,0.04031359696837293,1
0.15517241379310343,0.0,0.12903225806451613,0.2647058823529412,0.011574074074074077,0.3227383863080685,0.060039667898384864,0.04790748604862247,0
0.08620689655172414,0.0,0.3870967741935484,0.29411764705882354,0.05555555555555556,0.19804400977995112,0.007761410992926681,0.1116505192526935,0
0.06896551724137928,0.5,0.06451612903225806,0.0,0.013888888888888888,0.22004889975550126,0.010775092904421467,0.05933359458509289,1
0.13793103448275862,0.0,0.3548387096774194,0.058823529411764705,0.043981481481481476,0.784841075794621,0.0610159392774969,0.34881652656497614,0
0.24137931034482757,0.0,0.4838709677419355,0.14705882352941177,0.10648148148148148,0.041564792176039124,0.015066171072605062,0.033093058785795895,0
0.09482758620689652,0.0,0.3870967741935484,0.2647058823529412,0.023148148148148147,0.15158924205378974,0.02093664630391598,0.04062840336244058,0
0.1293103448275862,0.0,0.5161290322580645,0.29411764705882354,0.09953703703703703,0.24694376528117362,0.05505889307701839,0.1777189179078596,0
0.2586206896551724,0.0,0.12903225806451613,0.11764705882352941,0.020833333333333336,0.2958435207823961,0.0062862008016306295,0.0996198090293114,0
0.1896551724137931,0.25,0.3870967741935484,0.2647058823529412,0.09490740740740738,0.35696821515892424,0.12268133114325165,0.21015498138136574,0
0.1724137931034483,0.0,0.06451612903225806,0.08823529411764705,0.032407407407407406,0.16381418092909536,0.008427798205844647,0.06512268260104782,0
0.146551724137931,0.25,0.0,0.38235294117647056,0.03935185185185185,0.012224938875305623,0.0051738684726632825,0.0042759349186690864,1
0.09482758620689652,0.5,0.1935483870967742,0.23529411764705882,0.09259259259259259,0.058679706601466985,0.019002595377217307,0.039433206205302385,0
0.15517241379310343,0.0,0.3548387096774194,0.38235294117647056,0.04861111111111111,0.1858190709046455,0.06101837241322393,0.05516581878415962,0
0.1293103448275862,0.0,0.4838709677419355,0.029411764705882353,0.14583333333333331,0.24938875305623476,0.2671335821685021,0.09690330700856263,0
0.2068965517241379,0.0,0.7741935483870968,0.29411764705882354,0.20138888888888887,0.1271393643031785,0.14503085070113725,0.09702054422970552,0
0.2068965517241379,0.25,0.6774193548387096,0.4117647058823529,0.22916666666666666,0.31295843520782396,0.1547633936092425,0.4327251028752911,0
0.11206896551724138,0.0,0.0,0.3529411764705882,0.020833333333333336,0.012224938875305623,0.003198210925032461,0.0031124184897474505,0
0.1293103448275862,0.0,0.22580645161290322,0.4117647058823529,0.03472222222222222,0.11002444987775062,0.012292688320082316,0.04117049582303495,0
0.13793103448275862,0.5,0.3225806451612903,0.11764705882352941,0.06712962962962962,0.30806845965770174,0.04621906766715911,0.16981374251445533,0
0.025862068965517238,0.25,0.0967741935483871,0.11764705882352941,0.023148148148148147,0.14425427872860638,0.02628681979135959,0.033886744397957975,0
0.06034482758620688,0.0,0.0,0.20588235294117646,0.009259259259259259,0.3031784841075795,0.027796921148981194,0.06208325947338997,0
0.12068965517241376,0.0,0.1935483870967742,0.029411764705882353,0.07348053181386516,0.019559902200488997,0.0014980330044155575,0.0056297580377898115,0
0.1293103448275862,0.0,0.0,0.14705882352941177,0.04629629629629629,0.2616136919315404,0.0660969106281023,0.08738893588917393,1
0.03448275862068964,0.25,0.12903225806451613,0.11764705882352941,0.013888888888888888,0.08068459657701713,0.015203399927609348,0.013720756649914543,0
0.24137931034482757,0.25,0.967741935483871,0.23529411764705882,0.20138888888888887,0.14669926650366752,0.09065201905982273,0.1683656923873174,0
0.051724137931034475,0.25,0.25806451612903225,0.029411764705882353,0.06018518518518518,0.2787286063569683,0.021021514078074656,0.1567635056982329,0
0.1724137931034483,0.0,0.1935483870967742,0.2647058823529412,0.05092592592592592,0.041564792176039124,0.018450760194327738,0.011840959335432439,1
0.12068965517241376,0.0,0.29032258064516125,0.23529411764705882,0.07870370370370369,0.21760391198044013,0.019850494515371433,0.14816946899690592,0
0.1293103448275862,0.0,0.5483870967741935,0.11764705882352941,0.0648148148148148,0.06356968215158924,0.003968152394492666,0.041543476185874506,0
0.08620689655172414,0.0,0.22580645161290322,0.058823529411764705,0.043981481481481476,0.6112469437652811,0.05612767227647197,0.2657223117105015,1
0.0,0.0,0.12903225806451613,0.0,0.0,0.22738386308068462,0.009211267909947118,0.04118242704465568,1
0.13793103448275862,0.75,0.03225806451612903,0.5,0.03703703703703704,0.27139364303178487,0.015212159216226642,0.11412902675024354,0
0.008620689655172403,0.0,0.03225806451612903,0.029411764705882353,0.004629629629629629,0.14425427872860638,0.006298123166693058,0.03043187761560539,0
0.12068965517241376,0.0,0.5806451612903225,0.29411764705882354,0.09027777777777776,0.24694376528117362,0.040322849859856257,0.1733769907354435,0
0.1293103448275862,0.0,0.22580645161290322,0.14705882352941177,0.05787037037037037,0.3838630806845966,0.08223575391732418,0.16791923496710545,1
0.1293103448275862,0.5,0.03225806451612903,0.11764705882352941,0.013888888888888888,0.1833740831295844,0.04094986893671093,0.02524142567575179,0
0.12068965517241376,0.0,0.3225806451612903,0.029411764705882353,0.043981481481481476,0.2420537897310514,0.12116860199904485,0.031560378502814,1
0.11206896551724138,0.0,0.3870967741935484,0.3529411764705882,0.12499999999999997,0.25427872860635703,0.0659033303496601,0.21981727000606496,0
0.08620689655172414,0.0,0.12903225806451613,0.058823529411764705,0.009259259259259259,0.25183374083129584,0.010490318698930308,0.061254891800864505,0
0.03448275862068964,0.25,0.0,0.14705882352941177,0.004629629629629629,0.16870415647921763,0.0006244399529840319,0.04068057466691884,0
0.23275862068965514,0.0,1.0,0.23529411764705882,0.5532407407407407,0.1662591687041565,0.45240168501461886,0.3283694510926628,0
0.12843688288014576,0.0,0.0,0.7647058823529411,0.07348053181386516,0.6968215158924205,0.13347029292131718,0.18537698362117472,1
0.017241379310344807,0.5,0.0,0.058823529411764705,0.013888888888888888,0.10513447432762837,0.010088948629400048,0.02502577440297946,0
0.24137931034482757,0.25,0.1935483870967742,0.029411764705882353,0.12037037037037035,0.28606356968215163,0.11213076800372017,0.20840642750471175,0
0.13793103448275862,0.25,0.1935483870967742,0.4411764705882353,0.030092592592592594,0.10268948655256724,0.012183489188653376,0.03462107032988272,1
0.07758620689655171,0.25,0.1935483870967742,0.11764705882352941,0.0162037037037037,0.27139364303178487,0.017411470599885723,0.07410403936324923,0
0.11206896551724138,0.0,0.4838709677419355,0.08823529411764705,0.041666666666666664,0.17603911980440098,0.023337080686771053,0.07022198297199765,0
0.21551724137931033,0.0,0.6129032258064516,0.6470588235294118,0.14583333333333331,0.19559902200489002,0.1114819966934659,0.15265323690337224,0
0.146551724137931,0.0,0.3870967741935484,0.4117647058823529,0.07348053181386516,0.34963325183374083,0.14516029352181506,0.12700941039904529,0
